,Date,P/E,P/B,Div Yield
0,2011-01-31,28.65,9.37,2.33
1,2011-02-01,28.14,9.21,2.37
2,2011-02-02,28.11,9.2,2.38
3,2011-02-03,28.28,9.26,2.36
4,2011-02-04,27.35,8.97,2.44
5,2011-02-07,27.69,9.08,2.41
6,2011-02-08,27.45,9.01,2.43
7,2011-02-09,27.19,8.92,2.45
8,2011-02-10,27.24,8.94,2.45
9,2011-02-11,27.21,8.93,2.45
10,2011-02-14,27.89,9.18,2.38
11,2011-02-15,27.83,9.16,2.39
12,2011-02-16,27.95,9.2,2.38
13,2011-02-17,28.16,9.27,2.36
14,2011-02-18,27.94,9.2,2.38
15,2011-02-21,28.15,9.27,2.36
16,2011-02-22,27.99,9.21,2.37
17,2011-02-23,27.86,9.17,2.39
18,2011-02-24,27.1,8.92,2.45
19,2011-02-25,27.77,9.14,2.39
20,2011-02-28,29.01,9.55,2.29
21,2011-03-01,29.71,9.78,2.24
22,2011-03-03,29.82,9.82,2.23
23,2011-03-04,29.66,9.76,2.24
24,2011-03-07,29.51,9.72,2.25
25,2011-03-08,29.51,9.71,2.25
26,2011-03-09,29.42,9.69,2.26
27,2011-03-10,29.33,9.66,2.27
28,2011-03-11,29.37,9.67,2.26
29,2011-03-14,29.59,9.74,2.25
30,2011-03-15,29.14,9.59,2.28
31,2011-03-16,29.23,9.62,2.27
32,2011-03-17,28.81,9.48,2.31
33,2011-03-18,28.72,9.46,2.31
34,2011-03-21,28.64,9.43,2.32
35,2011-03-22,28.85,9.5,2.3
36,2011-03-23,29.08,9.57,2.29
37,2011-03-24,29.29,9.95,2.26
38,2011-03-25,29.27,10.03,2.2
39,2011-03-28,29.52,10.11,2.19
40,2011-03-29,29.6,10.14,2.18
41,2011-03-30,29.52,10.11,2.19
42,2011-03-31,30.12,10.32,2.14
43,2011-04-01,30.19,10.34,2.14
44,2011-04-04,30.43,10.43,2.12
45,2011-04-05,30.4,10.42,2.12
46,2011-04-06,30.35,10.41,2.13
47,2011-04-07,30.33,10.4,2.13
48,2011-04-08,30.44,10.44,2.12
49,2011-04-11,30.44,10.44,2.12
50,2011-04-13,31.16,10.68,2.07
51,2011-04-15,31.12,10.67,2.07
52,2011-04-18,30.99,10.63,2.08
53,2011-04-19,30.61,10.5,2.11
54,2011-04-20,31.17,10.69,2.07
55,2011-04-21,31.22,10.7,2.07
56,2011-04-25,31.24,10.71,2.07
57,2011-04-26,31.26,10.71,2.07
58,2011-04-27,31.44,10.78,2.05
59,2011-04-28,31.1,10.68,2.07
60,2011-04-29,31.38,10.78,2.05
61,2011-05-02,31.1,10.71,2.07
62,2011-05-03,30.23,10.5,2.11
63,2011-05-04,30.26,10.51,2.11
64,2011-05-05,29.63,10.27,2.19
65,2011-05-06,29.99,10.39,2.17
66,2011-05-09,30.31,10.5,2.15
67,2011-05-10,30.53,10.62,2.12
68,2011-05-11,30.74,10.69,2.11
69,2011-05-12,30.41,10.58,2.13
70,2011-05-13,31.03,10.8,2.09
71,2011-05-16,30.69,10.65,2.11
72,2011-05-17,30.92,10.73,2.09
73,2011-05-18,31.03,10.77,2.09
74,2011-05-19,31.05,10.77,2.09
75,2011-05-20,30.88,10.71,2.1
76,2011-05-23,30.02,10.77,2.09
77,2011-05-24,29.73,10.66,2.11
78,2011-05-25,29.84,10.71,2.1
79,2011-05-26,29.83,10.7,2.1
80,2011-05-27,30.0,10.76,2.09
0,2011-05-30,29.99,10.76,2.09
1,2011-05-31,30.54,11.01,2.04
2,2011-06-01,30.68,11.06,2.03
3,2011-06-02,30.95,11.16,2.01
4,2011-06-03,30.76,11.09,2.03
5,2011-06-06,30.64,11.05,2.03
6,2011-06-07,30.62,11.04,2.03
7,2011-06-08,30.83,11.13,2.02
8,2011-06-09,30.8,11.12,2.02
9,2011-06-10,30.5,11.01,2.04
10,2011-06-13,30.46,11.0,2.04
11,2011-06-14,30.79,11.12,2.02
12,2011-06-15,30.85,11.14,2.02
13,2011-06-16,30.8,11.12,2.02
14,2011-06-17,30.64,11.06,2.03
15,2011-06-20,30.06,10.85,2.07
16,2011-06-21,29.86,10.78,2.08
17,2011-06-22,29.64,10.7,2.1
18,2011-06-23,30.29,10.83,2.06
19,2011-06-24,30.84,11.02,2.02
20,2011-06-27,30.71,10.98,2.03
21,2011-06-28,30.8,10.28,2.04
22,2011-06-29,31.61,10.55,1.99
23,2011-06-30,32.17,10.74,1.96
24,2011-07-01,32.0,10.68,1.97
25,2011-07-04,31.86,10.63,1.98
26,2011-07-05,31.52,10.52,2.0
27,2011-07-06,31.55,10.53,2.0
28,2011-07-07,32.41,10.82,1.94
29,2011-07-08,32.02,10.69,1.97
30,2011-07-11,32.15,10.73,1.96
31,2011-07-12,32.05,10.7,1.96
32,2011-07-13,32.25,10.77,1.95
33,2011-07-14,32.15,10.73,1.96
34,2011-07-15,31.95,10.67,1.97
35,2011-07-18,32.0,10.68,1.97
36,2011-07-19,32.22,10.76,1.95
37,2011-07-20,32.31,10.79,1.95
38,2011-07-21,32.36,10.8,1.95
39,2011-07-22,32.5,10.85,1.94
40,2011-07-25,32.26,10.78,1.95
41,2011-07-26,31.73,10.6,1.98
42,2011-07-27,31.75,10.61,1.98
43,2011-07-28,32.06,10.72,1.96
44,2011-07-29,31.17,10.81,1.94
45,2011-08-01,31.2,10.82,1.94
46,2011-08-02,30.79,10.68,1.97
47,2011-08-03,30.85,10.43,1.89
48,2011-08-04,30.23,10.22,1.93
49,2011-08-05,29.7,10.06,1.96
50,2011-08-08,29.54,10.01,1.98
51,2011-08-09,29.88,10.13,1.95
52,2011-08-10,29.77,10.1,1.96
53,2011-08-11,29.83,10.12,1.96
54,2011-08-12,29.75,10.09,1.96
55,2011-08-16,29.9,10.14,1.95
56,2011-08-17,29.91,10.28,1.92
57,2011-08-18,29.77,10.22,2.03
58,2011-08-19,29.3,10.06,2.06
59,2011-08-22,29.66,10.18,2.04
60,2011-08-23,29.8,10.23,2.03
61,2011-08-24,29.68,10.19,2.03
62,2011-08-25,29.71,10.2,2.03
63,2011-08-26,29.13,10.0,2.07
64,2011-08-29,29.53,10.17,2.04
65,2011-08-30,29.49,10.16,2.04
66,2011-09-02,29.78,10.26,2.02
67,2011-09-05,29.75,10.25,2.02
68,2011-09-06,29.76,10.25,2.02
69,2011-09-07,29.66,10.22,2.03
70,2011-09-08,29.59,10.19,2.03
71,2011-09-09,29.52,10.17,2.04
72,2011-09-12,29.52,10.17,2.04
73,2011-09-13,29.51,10.17,2.04
74,2011-09-14,29.9,10.3,2.01
75,2011-09-15,29.82,10.27,2.02
76,2011-09-16,29.44,10.14,2.04
77,2011-09-19,29.16,10.04,2.06
78,2011-09-20,29.48,10.15,2.04
79,2011-09-21,29.41,10.13,2.05
80,2011-09-22,28.57,9.84,2.11
81,2011-09-23,28.62,9.86,2.1
82,2011-09-26,28.19,9.71,2.13
83,2011-09-27,28.84,9.93,2.09
84,2011-09-28,29.06,10.01,2.07
85,2011-09-29,29.58,10.19,2.03
86,2011-09-30,29.22,10.06,2.06
87,2011-10-03,28.71,9.89,2.1
88,2011-10-04,28.32,9.75,2.12
89,2011-10-05,28.43,9.79,2.12
90,2011-10-07,29.07,10.01,2.07
91,2011-10-10,28.75,9.7,2.07
92,2011-10-11,28.72,9.69,2.07
93,2011-10-12,29.27,9.87,2.03
94,2011-10-13,29.09,9.81,2.04
95,2011-10-14,29.39,9.91,2.02
96,2011-10-17,29.51,9.95,2.01
97,2011-10-18,29.25,9.87,2.03
98,2011-10-19,29.6,9.98,2.01
99,2011-10-20,29.33,9.89,2.03
100,2011-10-21,29.13,9.83,2.04
101,2011-10-24,29.49,9.96,2.01
102,2011-10-25,29.11,10.11,1.98
103,2011-10-26,29.28,10.17,1.97
104,2011-10-28,29.74,10.33,1.94
105,2011-10-31,29.96,10.4,1.93
106,2011-11-01,29.37,10.31,1.94
107,2011-11-02,29.4,10.34,1.94
108,2011-11-03,29.33,10.32,1.94
109,2011-11-04,29.3,10.34,1.94
110,2011-11-08,29.4,10.38,1.93
111,2011-11-09,29.53,10.48,1.91
112,2011-11-11,29.48,10.47,1.91
113,2011-11-14,29.5,10.44,1.92
114,2011-11-15,29.12,10.31,1.94
115,2011-11-16,29.25,10.36,1.93
116,2011-11-17,28.83,10.21,1.96
117,2011-11-18,28.31,10.02,2.0
118,2011-11-21,28.16,9.96,2.01
119,2011-11-22,27.78,9.83,2.03
120,2011-11-23,27.43,9.37,2.07
121,2011-11-24,27.4,9.36,2.07
122,2011-11-25,27.25,9.3,2.08
123,2011-11-28,27.71,9.46,2.05
124,2011-11-29,27.91,9.53,2.03
125,2011-11-30,28.24,9.64,2.01
126,2011-12-01,28.42,9.7,2.0
127,2011-12-02,28.75,9.82,1.97
128,2011-12-05,28.6,9.77,1.98
129,2011-12-07,28.76,9.82,1.97
130,2011-12-08,28.25,9.65,2.01
131,2011-12-09,27.89,9.52,2.03
132,2011-12-12,27.69,9.46,2.05
133,2011-12-13,27.88,9.52,2.03
134,2011-12-14,27.96,9.55,2.03
135,2011-12-15,28.1,9.59,2.02
136,2011-12-16,27.64,9.44,2.05
137,2011-12-19,27.78,9.49,2.04
138,2011-12-20,27.87,9.51,2.04
139,2011-12-21,28.24,9.64,2.01
140,2011-12-22,28.5,9.73,1.99
141,2011-12-23,28.54,9.74,1.99
142,2011-12-26,28.75,9.82,1.97
143,2011-12-27,28.7,9.8,1.98
144,2011-12-28,28.36,9.68,2.0
145,2011-12-29,28.19,9.63,2.01
146,2011-12-30,28.12,9.6,2.02
147,2012-01-02,27.8,9.49,2.04
148,2012-01-03,28.11,9.6,2.02
149,2012-01-04,27.93,9.54,2.03
150,2012-01-05,27.88,9.52,2.03
151,2012-01-06,28.09,9.59,2.02
152,2012-01-07,28.04,9.57,2.02
153,2012-01-09,28.05,9.58,2.02
154,2012-01-10,28.37,9.69,2.0
155,2012-01-11,28.21,9.63,2.01
156,2012-01-12,28.41,9.7,2.0
157,2012-01-13,28.52,9.74,1.99
158,2012-01-16,28.69,9.8,1.98
159,2012-01-17,28.88,9.86,1.96
160,2012-01-18,28.83,9.74,1.97
161,2012-01-19,28.79,9.73,1.97
162,2012-01-20,28.13,9.5,2.02
163,2012-01-23,28.41,9.6,2.0
164,2012-01-24,27.44,9.61,1.99
165,2012-01-25,27.59,9.67,1.98
166,2012-01-27,27.24,9.55,2.01
167,2012-01-30,27.06,9.48,2.02
168,2012-01-31,27.43,9.61,1.99
169,2012-02-01,27.43,9.61,1.99
170,2012-02-02,27.58,9.59,2.0
171,2012-02-03,27.96,9.73,1.97
172,2012-02-06,27.92,9.72,1.97
173,2012-02-07,27.78,9.75,1.96
174,2012-02-08,27.81,9.76,1.96
175,2012-02-09,27.89,9.22,1.83
176,2012-02-10,27.81,9.19,1.83
177,2012-02-13,27.71,9.14,1.83
178,2012-02-14,27.71,9.15,1.83
179,2012-02-15,27.76,9.17,1.83
180,2012-02-16,27.74,9.16,1.83
181,2012-02-17,27.87,9.2,1.82
182,2012-02-21,27.98,9.37,1.81
183,2012-02-22,27.88,9.32,1.82
184,2012-02-23,28.09,9.4,1.81
185,2012-02-24,28.15,9.42,1.81
186,2012-02-27,28.22,9.45,1.8
187,2012-02-28,28.19,9.44,1.81
188,2012-02-29,27.97,9.37,1.82
189,2012-03-01,27.86,9.33,1.83
190,2012-03-02,27.76,9.3,1.83
191,2012-03-03,27.71,9.28,1.84
192,2012-03-05,27.83,9.32,1.83
193,2012-03-06,28.04,9.39,1.82
194,2012-03-07,28.06,9.4,1.82
195,2012-03-09,28.01,9.38,1.82
196,2012-03-12,28.04,9.39,1.82
197,2012-03-13,28.37,9.5,1.8
198,2012-03-14,28.61,9.58,1.78
199,2012-03-15,28.37,9.5,1.8
200,2012-03-16,28.9,9.68,1.76
201,2012-03-19,29.24,9.79,1.74
202,2012-03-20,29.55,9.9,1.72
203,2012-03-21,29.82,9.99,1.71
204,2012-03-22,29.32,9.82,1.74
205,2012-03-23,29.62,9.92,1.72
206,2012-03-26,29.62,9.92,1.72
207,2012-03-27,30.14,10.09,1.69
208,2012-03-28,30.17,10.1,1.69
209,2012-03-29,29.96,10.03,1.7
210,2012-03-30,30.31,10.15,1.68
211,2012-04-02,30.35,10.16,1.68
212,2012-04-03,30.41,10.18,1.67
213,2012-04-04,30.33,10.16,1.68
214,2012-04-09,30.18,10.11,1.69
215,2012-04-10,30.72,10.29,1.66
216,2012-04-11,30.75,10.3,1.66
217,2012-04-12,31.21,10.45,1.63
218,2012-04-13,31.36,10.5,1.62
219,2012-04-16,31.75,10.63,1.6
220,2012-04-17,32.2,10.79,1.58
221,2012-04-18,31.98,10.71,1.59
222,2012-04-19,32.28,10.81,1.58
223,2012-04-20,32.33,10.83,1.58
224,2012-04-23,32.02,10.72,1.59
225,2012-04-24,32.13,10.76,1.59
226,2012-04-25,32.27,10.81,1.58
227,2012-04-26,32.44,10.86,1.57
228,2012-04-27,32.57,11.14,1.57
229,2012-04-28,32.74,11.19,1.56
230,2012-04-30,32.63,11.16,1.57
231,2012-05-02,32.76,11.19,1.57
232,2012-05-03,32.61,11.14,1.57
233,2012-05-04,32.28,11.02,1.59
234,2012-05-07,31.98,10.92,1.6
235,2012-05-08,31.17,10.65,1.65
236,2012-05-09,32.03,10.98,1.6
237,2012-05-10,32.02,10.98,1.6
238,2012-05-11,31.56,10.82,1.62
239,2012-05-14,31.44,10.84,1.62
240,2012-05-15,31.19,10.75,1.63
241,2012-05-16,30.83,10.63,1.65
242,2012-05-17,31.44,10.84,1.62
243,2012-05-18,31.82,10.97,1.6
244,2012-05-21,31.36,10.81,1.62
245,2012-05-22,31.13,10.73,1.63
246,2012-05-23,31.1,10.72,1.63
247,2012-05-24,31.23,10.76,1.63
248,2012-05-25,31.1,10.72,1.63
249,2012-05-28,31.41,10.83,1.62
0,2012-05-29,31.17,10.72,1.63
1,2012-05-30,30.22,10.72,1.63
2,2012-05-31,30.17,10.7,1.64
3,2012-06-01,30.25,10.74,1.63
4,2012-06-04,29.77,10.57,1.66
5,2012-06-05,29.63,10.46,1.67
6,2012-06-06,30.61,10.72,1.61
7,2012-06-07,30.85,10.8,1.6
8,2012-06-08,31.06,10.89,1.58
9,2012-06-11,31.18,10.93,1.58
10,2012-06-12,31.41,11.01,1.57
11,2012-06-13,31.79,11.14,1.55
12,2012-06-14,31.72,11.11,1.55
13,2012-06-15,32.12,11.25,1.53
14,2012-06-18,31.61,11.07,1.56
15,2012-06-19,32.08,11.23,1.54
16,2012-06-20,32.0,11.21,1.54
17,2012-06-21,32.5,11.38,1.52
18,2012-06-22,32.4,11.34,1.52
19,2012-06-25,32.36,11.33,1.52
20,2012-06-26,32.1,11.24,1.53
21,2012-06-27,32.27,11.3,1.53
22,2012-06-28,32.57,11.41,1.51
23,2012-06-29,33.27,11.65,1.48
24,2012-07-02,32.55,11.4,1.51
25,2012-07-03,32.27,11.3,1.53
26,2012-07-04,32.19,11.27,1.53
27,2012-07-05,32.58,11.41,1.51
28,2012-07-06,32.79,11.48,1.5
29,2012-07-09,32.58,11.41,1.51
30,2012-07-10,33.12,11.6,1.49
31,2012-07-11,32.67,11.44,1.51
32,2012-07-12,32.63,11.43,1.51
33,2012-07-13,32.73,11.46,1.51
34,2012-07-16,32.61,11.42,1.51
35,2012-07-17,32.94,11.54,1.5
36,2012-07-18,32.97,11.54,1.49
37,2012-07-19,32.94,11.53,1.5
38,2012-07-20,32.9,11.52,1.5
39,2012-07-23,32.54,11.39,1.51
40,2012-07-24,31.63,11.61,1.49
41,2012-07-25,31.81,11.66,1.49
42,2012-07-26,31.59,11.48,1.51
43,2012-07-27,31.25,11.63,1.49
44,2012-07-30,31.57,11.75,1.47
45,2012-07-31,31.68,11.79,1.47
46,2012-08-01,31.81,11.83,1.46
47,2012-08-02,31.97,11.92,1.45
48,2012-08-03,31.79,11.87,1.46
49,2012-08-06,31.65,11.85,1.46
50,2012-08-07,32.0,11.92,1.45
51,2012-08-08,32.1,11.95,1.45
52,2012-08-09,32.57,12.13,1.43
53,2012-08-10,32.79,12.21,1.42
54,2012-08-13,32.87,12.24,1.42
55,2012-08-14,32.94,12.23,1.42
56,2012-08-16,32.25,11.98,1.45
57,2012-08-17,32.66,12.13,1.43
58,2012-08-21,32.77,12.18,1.42
59,2012-08-22,32.79,12.18,1.42
60,2012-08-23,33.06,12.28,1.41
61,2012-08-24,33.12,12.3,1.41
62,2012-08-27,33.21,12.34,1.4
63,2012-08-28,33.45,12.43,1.39
64,2012-08-29,33.62,12.49,1.39
65,2012-08-30,33.85,12.58,1.38
66,2012-08-31,33.47,12.44,1.39
67,2012-09-03,33.55,12.47,1.39
68,2012-09-04,33.63,12.5,1.39
69,2012-09-05,33.85,12.58,1.38
70,2012-09-06,33.27,12.36,1.4
71,2012-09-07,33.52,12.46,1.39
72,2012-09-08,33.64,12.5,1.39
73,2012-09-10,33.6,12.49,1.39
74,2012-09-11,33.75,12.54,1.38
75,2012-09-12,33.96,12.62,1.37
76,2012-09-13,34.19,12.71,1.36
77,2012-09-14,34.04,12.65,1.37
78,2012-09-17,32.74,12.17,1.42
79,2012-09-18,32.79,12.19,1.42
80,2012-09-20,32.84,12.2,1.42
81,2012-09-21,33.34,12.39,1.4
82,2012-09-24,32.84,12.21,1.42
83,2012-09-25,33.46,12.43,1.39
84,2012-09-26,33.7,12.52,1.38
85,2012-09-27,34.24,12.72,1.36
86,2012-09-28,34.72,12.9,1.34
87,2012-10-01,34.8,12.93,1.34
88,2012-10-03,34.87,12.96,1.34
89,2012-10-04,35.23,13.09,1.32
90,2012-10-05,35.42,13.16,1.32
91,2012-10-08,35.42,13.16,1.32
92,2012-10-09,35.8,13.3,1.3
93,2012-10-10,35.79,13.3,1.3
94,2012-10-11,36.09,13.41,1.29
95,2012-10-12,36.13,13.43,1.29
96,2012-10-15,36.37,13.52,1.28
97,2012-10-16,36.34,13.41,1.3
98,2012-10-17,36.46,13.31,1.3
99,2012-10-18,36.71,13.4,1.29
100,2012-10-19,37.0,13.5,1.28
101,2012-10-22,35.84,13.45,1.29
102,2012-10-23,35.56,13.16,1.29
103,2012-10-25,35.62,13.18,1.29
104,2012-10-26,34.97,12.94,1.32
105,2012-10-29,34.64,12.91,1.32
106,2012-10-30,33.77,12.86,1.33
107,2012-10-31,33.69,12.83,1.33
108,2012-11-01,33.32,12.74,1.34
109,2012-11-02,33.47,12.81,1.33
110,2012-11-05,33.86,12.72,1.35
111,2012-11-06,33.88,12.73,1.35
112,2012-11-07,34.0,12.79,1.34
113,2012-11-08,34.07,12.82,1.34
114,2012-11-09,33.97,11.74,1.36
115,2012-11-12,34.54,11.83,1.35
116,2012-11-13,34.67,11.87,1.35
117,2012-11-15,34.25,11.73,1.36
118,2012-11-16,33.77,11.57,1.38
119,2012-11-19,34.09,11.68,1.37
120,2012-11-20,34.03,11.66,1.37
121,2012-11-21,34.49,11.82,1.35
122,2012-11-22,34.68,11.88,1.34
123,2012-11-23,34.7,11.89,1.34
124,2012-11-26,35.12,11.77,1.33
125,2012-11-27,35.87,12.02,1.3
126,2012-11-29,36.27,12.16,1.29
127,2012-11-30,36.19,12.1,1.29
128,2012-12-03,36.1,12.07,1.29
129,2012-12-04,36.14,12.08,1.29
130,2012-12-05,36.18,12.1,1.29
131,2012-12-06,36.38,12.16,1.28
132,2012-12-07,36.32,12.14,1.28
133,2012-12-10,36.5,12.2,1.28
134,2012-12-11,36.77,12.3,1.27
135,2012-12-12,36.73,12.28,1.27
136,2012-12-13,35.75,11.95,1.31
137,2012-12-14,35.78,11.96,1.3
138,2012-12-17,35.58,11.9,1.31
139,2012-12-18,35.7,11.94,1.31
140,2012-12-19,35.54,11.88,1.31
141,2012-12-20,35.58,11.9,1.31
142,2012-12-21,35.37,11.83,1.32
143,2012-12-24,35.44,11.85,1.32
144,2012-12-26,35.63,11.91,1.31
145,2012-12-27,35.34,11.81,1.32
146,2012-12-28,35.47,11.86,1.32
147,2012-12-31,35.33,11.81,1.32
148,2013-01-01,35.52,11.88,1.31
149,2013-01-02,35.45,11.85,1.32
150,2013-01-03,35.32,11.81,1.32
151,2013-01-04,35.23,11.78,1.32
152,2013-01-07,34.84,11.65,1.34
153,2013-01-08,35.27,11.79,1.32
154,2013-01-09,34.73,11.61,1.34
155,2013-01-10,34.8,11.64,1.34
156,2013-01-11,33.95,11.35,1.37
157,2013-01-14,34.33,11.48,1.36
158,2013-01-15,34.59,11.57,1.35
159,2013-01-16,34.51,11.54,1.35
160,2013-01-17,34.49,11.53,1.35
161,2013-01-18,33.53,11.54,1.35
162,2013-01-21,33.92,11.68,1.34
163,2013-01-22,33.5,11.53,1.35
164,2013-01-23,33.46,11.51,1.35
165,2013-01-24,33.52,11.61,1.34
166,2013-01-25,33.85,11.73,1.33
167,2013-01-28,33.89,11.75,1.33
168,2013-01-29,34.08,11.81,1.32
169,2013-01-30,34.09,11.82,1.32
170,2013-01-31,34.23,11.89,1.31
171,2013-02-01,34.3,11.92,1.31
172,2013-02-04,34.13,11.88,1.31
173,2013-02-05,33.71,11.74,1.33
174,2013-02-06,33.75,11.79,1.32
175,2013-02-07,33.72,11.77,1.32
176,2013-02-08,33.42,11.67,1.34
177,2013-02-11,33.36,11.64,1.34
178,2013-02-12,33.46,11.68,1.33
179,2013-02-13,33.28,11.62,1.34
180,2013-02-14,33.39,11.67,1.34
181,2013-02-15,33.4,11.67,1.34
182,2013-02-18,33.52,11.71,1.33
183,2013-02-19,33.78,11.8,1.32
184,2013-02-20,33.64,11.75,1.33
185,2013-02-21,33.18,11.59,1.34
186,2013-02-22,32.7,11.42,1.36
187,2013-02-25,32.63,11.4,1.37
188,2013-02-26,32.43,11.33,1.38
189,2013-02-27,32.69,11.43,1.36
190,2013-02-28,32.51,11.37,1.37
191,2013-03-01,32.59,11.4,1.37
192,2013-03-04,32.48,11.36,1.37
193,2013-03-05,32.75,11.45,1.36
194,2013-03-06,32.34,11.31,1.38
195,2013-03-07,32.63,11.41,1.37
196,2013-03-08,33.17,11.6,1.34
197,2013-03-11,33.24,11.62,1.34
198,2013-03-12,33.39,11.67,1.34
199,2013-03-13,33.54,11.73,1.33
200,2013-03-14,33.69,11.78,1.32
201,2013-03-15,33.71,11.79,1.32
202,2013-03-18,33.98,11.88,1.31
203,2013-03-19,33.88,11.84,1.32
204,2013-03-20,34.0,11.89,1.31
205,2013-03-21,33.75,11.8,1.32
206,2013-03-22,33.71,11.79,1.32
207,2013-03-25,33.55,11.73,1.33
208,2013-03-26,33.96,11.87,1.31
209,2013-03-28,34.15,11.94,1.31
210,2013-04-01,34.16,11.94,1.31
211,2013-04-02,34.15,11.94,1.31
212,2013-04-03,34.08,11.92,1.31
213,2013-04-04,33.55,11.73,1.33
214,2013-04-05,33.05,11.55,1.35
215,2013-04-08,33.31,11.65,1.34
216,2013-04-09,32.8,11.47,1.36
217,2013-04-10,32.62,11.4,1.37
218,2013-04-11,32.76,11.45,1.36
219,2013-04-12,33.38,11.67,1.34
220,2013-04-15,33.8,11.82,1.32
221,2013-04-16,34.45,12.04,1.29
222,2013-04-17,34.88,12.2,1.28
223,2013-04-18,35.02,12.24,1.27
224,2013-04-22,35.19,12.3,1.27
225,2013-04-23,35.15,12.29,1.27
226,2013-04-25,35.35,12.36,1.26
227,2013-04-26,35.11,12.27,1.27
228,2013-04-29,35.92,12.56,1.24
229,2013-04-30,37.48,13.1,1.19
230,2013-05-02,37.66,13.24,1.18
231,2013-05-03,37.47,13.17,1.18
232,2013-05-06,37.2,13.08,1.19
233,2013-05-07,37.95,13.34,1.17
234,2013-05-08,38.39,13.51,1.15
235,2013-05-09,38.65,13.45,1.16
236,2013-05-10,39.24,13.67,1.14
237,2013-05-11,39.33,13.7,1.14
238,2013-05-13,38.14,13.29,1.17
239,2013-05-14,38.25,13.25,1.17
240,2013-05-15,38.82,13.45,1.15
241,2013-05-16,38.49,13.33,1.16
242,2013-05-17,38.5,13.34,1.16
243,2013-05-20,38.31,13.27,1.17
244,2013-05-21,38.1,13.2,1.18
245,2013-05-22,37.53,13.32,1.16
246,2013-05-23,37.2,13.21,1.17
247,2013-05-24,37.11,13.23,1.17
248,2013-05-27,37.54,13.38,1.16
249,2013-05-28,37.83,13.48,1.15
0,2013-05-29,38.1,13.58,1.14
1,2013-05-30,38.83,13.84,1.12
2,2013-05-31,38.01,13.55,1.14
3,2013-06-03,37.82,13.47,1.15
4,2013-06-04,37.98,13.53,1.15
5,2013-06-05,37.78,13.46,1.15
6,2013-06-06,37.74,13.45,1.15
7,2013-06-07,37.61,13.4,1.16
8,2013-06-10,37.71,13.44,1.15
9,2013-06-11,37.45,13.35,1.16
10,2013-06-12,37.02,13.21,1.17
11,2013-06-13,36.6,13.06,1.19
12,2013-06-14,36.96,13.18,1.18
13,2013-06-17,37.15,13.25,1.17
14,2013-06-18,37.02,13.2,1.17
15,2013-06-19,37.01,13.2,1.18
16,2013-06-20,36.33,12.96,1.2
17,2013-06-21,36.22,12.92,1.2
18,2013-06-24,35.38,12.64,1.23
19,2013-06-25,35.57,12.71,1.22
20,2013-06-26,35.87,12.82,1.21
21,2013-06-27,35.87,12.82,1.21
22,2013-06-28,36.13,12.91,1.2
23,2013-07-01,36.73,13.13,1.18
24,2013-07-02,36.68,13.11,1.18
25,2013-07-03,36.81,13.15,1.18
26,2013-07-04,37.87,13.53,1.15
27,2013-07-05,38.19,13.65,1.14
28,2013-07-08,38.43,13.73,1.13
29,2013-07-09,38.5,13.76,1.13
30,2013-07-10,38.25,13.67,1.13
31,2013-07-11,38.88,13.89,1.12
32,2013-07-12,38.7,13.83,1.12
33,2013-07-15,39.12,13.98,1.11
34,2013-07-16,39.76,14.21,1.09
35,2013-07-17,41.14,14.7,1.06
36,2013-07-18,41.43,14.81,1.05
37,2013-07-19,41.36,14.78,1.05
38,2013-07-22,41.37,14.78,1.05
39,2013-07-23,42.02,15.02,1.03
40,2013-07-24,41.89,14.97,1.04
41,2013-07-25,40.46,14.46,1.07
42,2013-07-26,39.69,14.5,1.07
43,2013-07-29,38.78,13.58,1.09
44,2013-07-30,38.44,13.31,1.12
45,2013-07-31,37.63,13.0,1.14
46,2013-08-01,37.53,12.97,1.15
47,2013-08-02,36.91,12.75,1.16
48,2013-08-05,37.24,12.84,1.16
49,2013-08-06,36.57,12.61,1.18
50,2013-08-07,35.88,12.41,1.2
51,2013-08-08,36.1,12.49,1.19
52,2013-08-12,36.85,12.9,1.16
53,2013-08-13,37.12,12.99,1.16
54,2013-08-14,37.18,13.01,1.15
55,2013-08-16,35.75,12.51,1.2
56,2013-08-19,34.86,12.23,1.23
57,2013-08-20,34.91,12.25,1.23
58,2013-08-21,33.75,11.85,1.27
59,2013-08-22,34.27,12.04,1.25
60,2013-08-23,34.54,12.13,1.24
61,2013-08-26,34.62,12.16,1.23
62,2013-08-27,33.67,11.82,1.27
63,2013-08-28,33.53,11.78,1.27
64,2013-08-29,34.29,12.04,1.25
65,2013-08-30,34.77,12.21,1.23
66,2013-09-02,35.94,12.62,1.19
67,2013-09-03,34.27,12.04,1.25
68,2013-09-04,34.44,12.09,1.24
69,2013-09-05,35.46,12.45,1.21
70,2013-09-06,35.62,12.51,1.2
71,2013-09-10,37.56,13.19,1.14
72,2013-09-11,37.13,13.04,1.15
73,2013-09-12,37.41,13.14,1.14
74,2013-09-13,36.98,12.99,1.16
75,2013-09-16,37.14,13.04,1.15
76,2013-09-17,37.39,13.13,1.14
77,2013-09-18,37.93,13.32,1.13
78,2013-09-19,39.14,13.75,1.09
79,2013-09-20,38.78,13.62,1.1
80,2013-09-23,38.27,13.37,1.12
81,2013-09-24,38.26,13.31,1.12
82,2013-09-25,37.88,13.33,1.38
83,2013-09-26,38.11,13.41,1.37
84,2013-09-27,38.19,13.44,1.37
85,2013-09-30,37.69,13.26,1.39
86,2013-10-01,37.75,13.29,1.38
87,2013-10-03,37.47,13.14,1.4
88,2013-10-04,37.55,11.73,1.54
89,2013-10-07,37.61,11.75,1.54
90,2013-10-08,38.02,11.87,1.52
91,2013-10-09,38.12,11.9,1.52
92,2013-10-10,38.11,11.9,1.52
93,2013-10-11,37.77,11.79,1.53
94,2013-10-14,37.52,11.72,1.54
95,2013-10-15,37.49,11.71,1.54
96,2013-10-17,37.87,11.83,1.53
97,2013-10-18,38.66,12.07,1.49
98,2013-10-21,38.12,11.91,1.52
99,2013-10-22,38.02,11.88,1.52
100,2013-10-23,38.13,11.91,1.52
101,2013-10-24,38.23,11.94,1.51
102,2013-10-25,37.85,11.79,1.53
103,2013-10-28,36.88,11.49,1.57
104,2013-10-29,37.14,11.55,1.56
105,2013-10-30,37.58,11.69,1.54
106,2013-10-31,37.68,11.72,1.54
107,2013-11-01,37.36,11.72,1.57
108,2013-11-03,37.6,11.79,1.56
109,2013-11-05,37.18,11.49,1.61
110,2013-11-06,35.75,11.42,1.61
111,2013-11-07,35.66,11.39,1.62
112,2013-11-08,35.49,11.2,1.63
113,2013-11-11,34.92,11.14,1.65
114,2013-11-12,35.16,11.22,1.64
115,2013-11-13,34.78,11.09,1.66
116,2013-11-14,34.89,11.13,1.66
117,2013-11-18,35.86,11.44,1.61
118,2013-11-19,35.56,11.38,1.62
119,2013-11-20,35.03,11.28,1.63
120,2013-11-21,34.37,11.07,1.66
121,2013-11-22,34.04,10.99,1.67
122,2013-11-25,34.76,11.22,1.64
123,2013-11-26,34.49,11.12,1.65
124,2013-11-27,34.75,11.2,1.64
125,2013-11-28,34.82,11.23,1.64
126,2013-11-29,35.32,11.39,1.62
127,2013-12-02,35.34,11.39,1.61
128,2013-12-03,35.07,11.31,1.63
129,2013-12-04,34.57,11.14,1.65
130,2013-12-05,34.21,11.03,1.67
131,2013-12-06,34.28,11.05,1.66
132,2013-12-09,34.43,11.1,1.66
133,2013-12-10,34.75,11.2,1.64
134,2013-12-11,34.97,11.27,1.63
135,2013-12-12,34.73,11.2,1.64
136,2013-12-13,34.54,11.13,1.65
137,2013-12-16,34.29,11.05,1.66
138,2013-12-17,34.52,11.13,1.65
139,2013-12-18,34.65,11.17,1.65
140,2013-12-19,34.53,11.13,1.65
141,2013-12-20,34.8,11.22,1.64
142,2013-12-23,34.93,11.26,1.63
143,2013-12-24,34.93,11.26,1.63
144,2013-12-26,35.02,11.29,1.63
145,2013-12-27,35.27,11.37,1.62
146,2013-12-30,35.36,11.4,1.61
147,2013-12-31,35.37,11.4,1.61
148,2014-01-01,35.43,11.42,1.61
149,2014-01-02,34.74,11.2,1.64
150,2014-01-03,34.84,11.23,1.64
151,2014-01-06,34.94,11.26,1.63
152,2014-01-07,34.91,11.25,1.63
153,2014-01-08,34.98,11.28,1.63
154,2014-01-09,34.79,11.22,1.64
155,2014-01-10,35.26,11.37,1.62
156,2014-01-13,35.31,11.38,1.62
157,2014-01-14,35.21,11.35,1.62
158,2014-01-15,35.51,11.45,1.61
159,2014-01-16,35.21,11.35,1.62
160,2014-01-17,35.18,11.34,1.62
161,2014-01-20,34.65,11.47,1.6
162,2014-01-21,34.56,11.45,1.61
163,2014-01-22,34.53,11.44,1.61
164,2014-01-23,34.6,11.45,1.6
165,2014-01-24,34.11,11.3,1.63
166,2014-01-27,33.99,11.26,1.63
167,2014-01-28,34.13,11.31,1.63
168,2014-01-29,33.9,11.31,1.62
169,2014-01-30,33.62,11.22,1.64
170,2014-01-31,33.82,11.28,1.63
171,2014-02-03,33.45,11.18,1.64
172,2014-02-04,33.73,11.28,1.63
173,2014-02-05,33.38,11.16,1.65
174,2014-02-06,33.87,11.33,1.62
175,2014-02-07,33.73,11.28,1.63
176,2014-02-10,33.67,11.28,1.63
177,2014-02-11,33.62,11.27,1.64
178,2014-02-12,33.34,11.17,1.65
179,2014-02-13,32.97,11.05,1.67
180,2014-02-14,33.16,11.12,1.66
181,2014-02-17,33.15,11.11,1.66
182,2014-02-18,33.02,11.07,1.66
183,2014-02-19,33.01,11.07,1.67
184,2014-02-20,32.68,10.96,1.68
185,2014-02-21,33.08,11.1,1.66
186,2014-02-24,33.26,11.15,1.65
187,2014-02-25,33.38,11.19,1.65
188,2014-02-26,33.74,11.31,1.63
189,2014-02-28,33.69,11.3,1.63
190,2014-03-03,33.67,11.29,1.63
191,2014-03-04,33.94,11.38,1.62
192,2014-03-05,34.08,11.43,1.61
193,2014-03-06,34.17,11.46,1.61
194,2014-03-07,34.38,11.53,1.6
195,2014-03-10,34.25,11.48,1.6
196,2014-03-11,34.16,11.46,1.61
197,2014-03-12,34.61,11.61,1.59
198,2014-03-13,34.72,11.64,1.58
199,2014-03-14,34.85,11.68,1.58
200,2014-03-18,35.52,11.91,1.55
201,2014-03-19,35.91,12.04,1.53
202,2014-03-20,35.79,12.0,1.54
203,2014-03-21,36.0,12.07,1.53
204,2014-03-22,36.01,12.07,1.53
205,2014-03-24,36.19,12.14,1.52
206,2014-03-25,36.44,12.22,1.51
207,2014-03-26,36.19,12.13,1.52
208,2014-03-27,36.37,12.19,1.51
209,2014-03-28,36.26,12.47,1.49
210,2014-03-31,36.05,12.4,1.5
211,2014-04-01,36.08,12.41,1.5
212,2014-04-02,35.53,12.22,1.52
213,2014-04-03,35.66,12.26,1.51
214,2014-04-04,35.53,12.22,1.52
215,2014-04-07,35.54,12.22,1.52
216,2014-04-09,35.78,12.3,1.51
217,2014-04-10,35.62,12.25,1.52
218,2014-04-11,35.52,12.21,1.52
219,2014-04-15,35.62,12.25,1.52
220,2014-04-16,35.87,12.33,1.51
221,2014-04-17,36.38,12.51,1.48
222,2014-04-21,36.27,12.47,1.49
223,2014-04-22,36.11,12.42,1.5
224,2014-04-23,36.22,12.45,1.49
225,2014-04-25,35.47,12.2,1.52
226,2014-04-28,35.33,12.15,1.53
227,2014-04-29,35.02,12.04,1.54
228,2014-04-30,34.92,12.05,1.54
229,2014-05-02,34.81,12.03,1.54
230,2014-05-05,35.01,12.1,1.54
231,2014-05-06,35.13,12.15,1.53
232,2014-05-07,35.0,12.1,1.53
233,2014-05-08,34.66,12.0,1.55
234,2014-05-09,34.94,12.09,1.54
235,2014-05-12,35.82,12.44,1.5
236,2014-05-13,36.13,12.55,1.49
237,2014-05-14,36.46,12.66,1.47
238,2014-05-15,36.62,12.72,1.47
239,2014-05-16,35.89,12.46,1.5
240,2014-05-19,34.5,11.98,1.56
241,2014-05-20,34.72,12.06,1.55
242,2014-05-21,34.9,12.11,1.54
243,2014-05-22,35.27,12.24,1.52
244,2014-05-23,35.16,12.2,1.53
245,2014-05-26,34.27,12.19,1.53
246,2014-05-27,34.23,12.17,1.53
247,2014-05-28,34.18,12.16,1.53
0,2014-05-29,34.04,12.11,1.54
1,2014-05-30,34.29,12.25,1.52
2,2014-06-02,34.01,12.15,1.53
3,2014-06-03,33.84,12.09,1.54
4,2014-06-04,33.74,12.06,1.55
5,2014-06-05,34.17,12.23,1.52
6,2014-06-06,34.6,12.39,1.5
7,2014-06-09,34.56,12.37,1.51
8,2014-06-10,34.63,12.4,1.5
9,2014-06-11,34.3,12.28,1.52
10,2014-06-12,34.45,12.33,1.51
11,2014-06-13,34.27,12.18,1.4
12,2014-06-16,34.46,12.24,1.39
13,2014-06-17,34.36,12.21,1.39
14,2014-06-18,34.09,12.11,1.4
15,2014-06-19,34.22,12.16,1.4
16,2014-06-20,34.19,12.15,1.4
17,2014-06-23,32.84,11.67,1.46
18,2014-06-24,33.13,11.8,1.44
19,2014-06-25,33.05,11.77,1.45
20,2014-06-26,32.93,11.73,1.45
21,2014-06-27,33.07,11.78,1.44
22,2014-06-30,33.38,11.89,1.43
23,2014-07-01,33.5,11.93,1.43
24,2014-07-02,33.93,12.08,1.41
25,2014-07-03,34.01,12.11,1.4
26,2014-07-04,34.17,12.17,1.4
27,2014-07-07,34.26,12.2,1.39
28,2014-07-08,34.11,12.15,1.4
29,2014-07-09,34.39,12.25,1.39
30,2014-07-10,34.46,12.27,1.39
31,2014-07-11,34.65,12.34,1.38
32,2014-07-14,34.5,12.29,1.38
33,2014-07-15,34.45,12.27,1.39
34,2014-07-16,34.61,12.33,1.38
35,2014-07-17,34.75,12.38,1.37
36,2014-07-18,34.68,12.35,1.38
37,2014-07-21,35.07,12.49,1.36
38,2014-07-22,35.34,12.59,1.35
39,2014-07-23,35.4,12.61,1.35
40,2014-07-24,35.76,12.69,1.34
41,2014-07-25,36.02,12.78,1.33
42,2014-07-28,36.14,12.83,1.33
43,2014-07-30,36.28,12.88,1.32
44,2014-07-31,35.35,11.52,1.46
45,2014-08-01,34.95,11.39,1.48
46,2014-08-04,35.35,11.52,1.46
47,2014-08-05,35.47,11.56,1.45
48,2014-08-06,34.93,11.35,1.48
49,2014-08-07,34.9,11.3,1.48
50,2014-08-08,34.92,11.31,1.48
51,2014-08-11,34.48,11.6,1.51
52,2014-08-12,34.5,11.61,1.51
53,2014-08-13,35.26,11.86,1.47
54,2014-08-14,35.36,11.9,1.47
55,2014-08-18,35.2,11.84,1.48
56,2014-08-19,35.23,11.85,1.47
57,2014-08-20,34.89,11.77,1.49
58,2014-08-21,34.98,11.8,1.48
59,2014-08-22,34.73,11.72,1.49
60,2014-08-25,35.11,11.85,1.48
61,2014-08-26,35.51,11.98,1.46
62,2014-08-27,35.66,12.03,1.45
63,2014-08-28,35.88,12.11,1.44
64,2014-09-01,35.63,12.02,1.45
65,2014-09-02,35.86,12.1,1.44
66,2014-09-03,35.62,12.02,1.45
67,2014-09-04,35.69,12.04,1.45
68,2014-09-05,35.6,12.01,1.46
69,2014-09-08,46.31,12.15,1.44
70,2014-09-09,46.73,12.26,1.43
71,2014-09-10,46.0,12.07,1.45
72,2014-09-11,46.23,12.13,1.44
73,2014-09-12,46.57,12.21,1.43
74,2014-09-15,46.3,12.15,1.44
75,2014-09-16,46.31,12.15,1.44
76,2014-09-17,46.48,12.19,1.43
77,2014-09-18,46.79,12.27,1.42
78,2014-09-19,35.43,12.72,1.48
79,2014-09-22,36.15,12.98,1.45
80,2014-09-23,36.02,12.94,1.46
81,2014-09-24,36.67,13.17,1.43
82,2014-09-25,36.48,13.1,1.44
83,2014-09-26,36.15,12.99,1.45
84,2014-09-29,35.78,12.8,1.47
85,2014-09-30,36.1,12.91,1.46
86,2014-10-01,35.65,12.75,1.48
87,2014-10-07,35.49,12.7,1.48
88,2014-10-08,35.57,12.71,1.48
89,2014-10-09,35.64,12.73,1.48
90,2014-10-10,34.66,12.32,1.52
91,2014-10-13,34.4,12.23,1.53
92,2014-10-14,34.29,12.19,1.54
93,2014-10-16,34.42,12.14,1.53
94,2014-10-17,34.54,12.15,1.53
95,2014-10-20,34.59,12.17,1.53
96,2014-10-21,34.73,12.21,1.52
97,2014-10-22,34.75,12.21,1.52
98,2014-10-23,34.93,12.28,1.51
99,2014-10-27,34.47,12.12,1.53
100,2014-10-28,34.51,12.12,1.53
101,2014-10-29,34.94,12.27,1.51
102,2014-10-30,35.04,12.33,1.51
103,2014-10-31,35.19,12.39,1.5
104,2014-11-03,35.22,12.4,1.5
105,2014-11-05,35.45,12.48,1.49
106,2014-11-07,34.87,12.46,1.49
107,2014-11-10,35.89,12.85,1.45
108,2014-11-11,35.64,12.72,1.46
109,2014-11-12,36.03,12.86,1.44
110,2014-11-13,36.0,12.85,1.44
111,2014-11-14,36.03,12.86,1.44
112,2014-11-17,36.13,12.9,1.44
113,2014-11-18,36.08,12.88,1.44
114,2014-11-19,36.0,12.85,1.45
115,2014-11-20,36.1,12.89,1.44
116,2014-11-21,36.04,12.98,1.43
117,2014-11-24,36.03,12.97,1.43
118,2014-11-25,34.99,12.59,1.47
119,2014-11-26,35.44,12.76,1.46
120,2014-11-27,35.51,12.78,1.45
121,2014-11-28,35.57,12.8,1.45
122,2014-12-01,35.9,12.92,1.44
123,2014-12-02,36.05,12.98,1.43
124,2014-12-03,36.06,12.98,1.43
125,2014-12-04,37.27,13.41,1.38
126,2014-12-05,37.69,13.57,1.37
127,2014-12-08,37.98,13.67,1.36
128,2014-12-09,37.63,13.54,1.37
129,2014-12-10,37.55,13.52,1.37
130,2014-12-11,37.47,13.48,1.38
131,2014-12-12,37.42,13.47,1.38
132,2014-12-15,37.07,13.34,1.39
133,2014-12-16,35.94,12.93,1.44
134,2014-12-17,35.45,12.76,1.46
135,2014-12-18,35.86,12.91,1.44
136,2014-12-19,35.46,12.76,1.46
137,2014-12-22,36.0,12.96,1.43
138,2014-12-23,36.07,12.98,1.43
139,2014-12-24,35.7,12.85,1.45
140,2014-12-26,35.45,12.76,1.46
141,2014-12-29,35.69,12.84,1.45
142,2014-12-30,35.63,12.82,1.45
143,2014-12-31,35.76,12.87,1.44
144,2015-01-01,35.64,12.83,1.45
145,2015-01-02,35.79,12.88,1.44
146,2015-01-05,35.86,12.91,1.44
147,2015-01-06,35.29,12.7,1.46
148,2015-01-07,35.25,12.69,1.46
149,2015-01-08,35.97,12.94,1.43
150,2015-01-09,36.04,12.97,1.43
151,2015-01-12,36.48,13.13,1.41
152,2015-01-13,36.63,13.18,1.41
153,2015-01-14,36.37,13.09,1.42
154,2015-01-15,36.93,13.29,1.4
155,2015-01-16,37.28,13.42,1.38
156,2015-01-19,36.85,13.26,1.4
157,2015-01-20,37.26,13.49,1.38
158,2015-01-21,36.52,13.23,1.4
159,2015-01-22,35.97,13.23,1.4
160,2015-01-23,36.1,13.27,1.4
161,2015-01-27,36.49,13.43,1.38
162,2015-01-28,36.56,13.45,1.38
163,2015-01-29,37.02,13.62,1.36
164,2015-01-30,36.8,13.54,1.37
165,2015-02-02,36.29,13.33,1.39
166,2015-02-03,36.62,13.47,1.38
167,2015-02-04,36.51,13.43,1.38
168,2015-02-05,36.65,13.5,1.38
169,2015-02-06,36.99,13.62,1.36
170,2015-02-09,36.44,13.43,1.38
171,2015-02-10,36.57,13.48,1.38
172,2015-02-11,36.88,13.6,1.37
173,2015-02-12,36.83,13.58,1.37
174,2015-02-13,37.51,13.83,1.34
175,2015-02-16,38.21,14.08,1.32
176,2015-02-18,38.54,14.2,1.31
177,2015-02-19,38.18,14.07,1.32
178,2015-02-20,38.47,14.17,1.31
179,2015-02-23,38.05,14.02,1.32
180,2015-02-24,38.62,14.23,1.31
181,2015-02-25,38.73,14.27,1.3
182,2015-02-26,38.34,14.12,1.31
183,2015-02-27,38.33,14.12,1.31
184,2015-02-28,36.65,13.5,1.37
185,2015-03-02,35.87,13.21,1.41
186,2015-03-03,35.89,13.22,1.4
187,2015-03-04,36.03,13.27,1.4
188,2015-03-05,36.49,13.44,1.38
189,2015-03-09,36.27,13.36,1.39
190,2015-03-10,36.09,13.3,1.4
191,2015-03-11,36.1,13.3,1.4
192,2015-03-12,36.67,13.51,1.37
193,2015-03-13,35.92,13.23,1.4
194,2015-03-16,35.51,13.08,1.42
195,2015-03-17,35.99,13.26,1.4
196,2015-03-18,35.74,13.17,1.41
197,2015-03-19,35.49,13.08,1.42
198,2015-03-20,34.75,12.8,1.45
199,2015-03-23,34.75,12.8,1.45
200,2015-03-24,34.65,12.77,1.45
201,2015-03-25,34.67,12.77,1.45
202,2015-03-26,34.21,12.6,1.47
203,2015-03-27,45.46,12.95,1.39
204,2015-03-30,46.32,13.2,1.36
205,2015-03-31,46.32,13.2,1.36
206,2015-04-01,46.94,13.38,1.34
207,2015-04-06,48.02,13.68,1.31
208,2015-04-07,48.34,13.78,1.31
209,2015-04-08,49.1,13.99,1.29
210,2015-04-09,49.21,14.02,1.28
211,2015-04-10,49.43,14.09,1.28
212,2015-04-13,50.04,14.26,1.26
213,2015-04-15,50.05,14.26,1.26
214,2015-04-16,49.64,14.15,1.27
215,2015-04-17,49.62,14.14,1.27
216,2015-04-20,48.19,13.73,1.31
217,2015-04-21,47.64,13.58,1.32
218,2015-04-22,47.9,13.65,1.32
219,2015-04-23,47.87,13.64,1.32
220,2015-04-24,48.05,13.69,1.31
221,2015-04-27,47.21,13.45,1.34
222,2015-04-28,46.72,13.33,1.35
223,2015-04-29,45.96,13.11,1.37
224,2015-04-30,45.45,12.96,1.39
225,2015-05-04,46.39,13.23,1.36
226,2015-05-05,46.51,13.27,1.36
227,2015-05-06,45.49,12.95,1.39
228,2015-05-07,45.56,12.99,1.38
229,2015-05-08,46.3,13.2,1.36
230,2015-05-11,45.82,13.15,1.37
231,2015-05-12,45.35,13.02,1.38
232,2015-05-13,45.86,13.17,1.37
233,2015-05-14,45.92,13.18,1.36
234,2015-05-15,46.27,13.29,1.35
235,2015-05-18,46.94,13.48,1.33
236,2015-05-19,46.77,13.44,1.34
237,2015-05-20,46.77,13.44,1.34
238,2015-05-21,46.4,13.33,1.35
239,2015-05-22,46.53,13.4,1.34
240,2015-05-25,45.14,13.13,1.37
241,2015-05-26,44.95,13.08,1.38
242,2015-05-27,45.21,13.15,1.37
243,2015-05-28,38.71,13.19,1.36
0,2015-05-29,39.21,13.36,1.35
1,2015-06-01,39.76,13.54,1.33
2,2015-06-02,38.44,13.09,1.37
3,2015-06-03,37.31,12.71,1.41
4,2015-06-04,37.36,12.67,1.42
5,2015-06-05,37.73,12.8,1.41
6,2015-06-08,37.39,12.68,1.42
7,2015-06-09,37.18,12.61,1.43
8,2015-06-10,37.25,12.63,1.42
9,2015-06-11,36.89,12.51,1.44
10,2015-06-12,36.92,12.46,1.48
11,2015-06-15,37.1,12.51,1.47
12,2015-06-16,37.13,12.53,1.47
13,2015-06-17,37.71,12.72,1.45
14,2015-06-18,37.71,12.72,1.45
15,2015-06-19,37.9,12.79,1.44
16,2015-06-22,38.5,12.99,1.42
17,2015-06-23,38.67,13.04,1.41
18,2015-06-24,38.87,13.11,1.4
19,2015-06-25,38.71,13.06,1.41
20,2015-06-26,38.59,13.02,1.41
21,2015-06-29,38.7,13.06,1.41
22,2015-06-30,39.49,11.98,1.43
23,2015-07-01,39.37,11.95,1.43
24,2015-07-02,39.46,11.97,1.43
25,2015-07-03,39.66,12.03,1.42
26,2015-07-06,39.92,12.11,1.41
27,2015-07-07,39.93,12.12,1.41
28,2015-07-08,39.51,11.99,1.42
29,2015-07-09,39.24,11.91,1.43
30,2015-07-10,38.96,11.74,1.44
31,2015-07-13,39.44,11.88,1.43
32,2015-07-14,39.54,11.91,1.42
33,2015-07-15,39.68,11.95,1.42
34,2015-07-16,40.06,12.07,1.4
35,2015-07-17,40.31,12.09,1.4
36,2015-07-20,40.19,12.06,1.4
37,2015-07-21,39.46,11.84,1.43
38,2015-07-22,39.79,11.94,1.41
39,2015-07-23,39.72,11.92,1.42
40,2015-07-24,39.78,11.82,1.42
41,2015-07-27,39.48,11.73,1.44
42,2015-07-28,39.37,11.73,1.43
43,2015-07-29,39.0,11.63,1.45
44,2015-07-30,39.83,11.96,1.41
45,2015-07-31,40.56,12.1,1.37
46,2015-08-03,40.74,12.15,1.37
47,2015-08-04,40.61,12.11,1.37
48,2015-08-05,40.99,12.22,1.36
49,2015-08-06,40.57,12.12,1.37
50,2015-08-07,40.34,12.09,1.37
51,2015-08-10,40.05,12.01,1.38
52,2015-08-11,39.8,11.94,1.39
53,2015-08-12,39.16,11.75,1.42
54,2015-08-13,39.05,11.71,1.42
55,2015-08-14,39.19,11.74,1.42
56,2015-08-17,39.14,11.73,1.42
57,2015-08-18,39.07,11.7,1.42
58,2015-08-19,39.15,11.73,1.42
59,2015-08-20,39.76,11.91,1.4
60,2015-08-21,39.88,11.95,1.39
61,2015-08-24,38.03,11.39,1.46
62,2015-08-25,38.27,11.46,1.45
63,2015-08-26,37.92,11.36,1.46
64,2015-08-27,38.71,11.6,1.43
65,2015-08-28,38.86,11.64,1.43
66,2015-08-31,38.74,11.6,1.43
67,2015-09-01,38.07,11.4,1.46
68,2015-09-02,38.23,11.46,1.45
69,2015-09-03,38.32,11.49,1.45
70,2015-09-04,37.87,11.35,1.46
71,2015-09-07,37.28,11.17,1.49
72,2015-09-08,36.93,11.07,1.5
73,2015-09-09,37.18,11.14,1.49
74,2015-09-10,37.18,11.14,1.49
75,2015-09-11,37.38,11.2,1.48
76,2015-09-14,37.55,11.25,1.48
77,2015-09-15,37.9,11.36,1.46
78,2015-09-16,37.99,11.39,1.46
79,2015-09-18,37.55,11.25,1.48
80,2015-09-21,37.27,11.17,1.49
81,2015-09-22,36.94,11.07,1.5
82,2015-09-23,37.09,11.12,1.5
83,2015-09-24,37.52,11.25,1.48
84,2015-09-28,37.4,11.21,1.48
85,2015-09-29,37.5,11.22,1.48
86,2015-09-30,38.43,11.5,1.44
87,2015-10-01,38.51,11.52,1.44
88,2015-10-05,38.79,11.61,1.43
89,2015-10-06,39.79,11.91,1.39
90,2015-10-07,39.93,11.95,1.39
91,2015-10-08,39.39,11.79,1.41
92,2015-10-09,39.52,11.8,1.4
93,2015-10-12,39.2,11.7,1.42
94,2015-10-13,39.25,11.72,1.41
95,2015-10-14,39.19,11.7,1.42
96,2015-10-15,39.43,11.77,1.41
97,2015-10-16,39.4,11.75,1.41
98,2015-10-19,39.76,11.86,1.4
99,2015-10-20,39.61,11.82,1.4
100,2015-10-21,39.59,11.81,1.4
101,2015-10-23,40.15,11.98,1.38
102,2015-10-26,40.14,11.97,1.38
103,2015-10-27,40.16,11.99,1.38
104,2015-10-28,40.21,12.0,1.38
105,2015-10-29,39.77,11.87,1.4
106,2015-10-30,38.71,11.57,1.43
107,2015-11-02,38.89,11.63,1.43
108,2015-11-03,38.9,11.63,1.43
109,2015-11-04,38.99,11.66,1.42
110,2015-11-05,38.88,11.63,1.42
111,2015-11-06,38.93,11.92,1.42
112,2015-11-09,37.94,12.06,1.41
113,2015-11-10,37.42,11.9,1.42
114,2015-11-11,37.41,11.9,1.42
115,2015-11-13,36.83,11.71,1.45
116,2015-11-16,37.09,11.76,1.44
117,2015-11-17,37.98,12.05,1.41
118,2015-11-18,37.87,12.01,1.41
119,2015-11-19,38.3,12.15,1.4
120,2015-11-20,37.95,12.03,1.41
121,2015-11-23,37.42,11.87,1.43
122,2015-11-24,37.45,11.88,1.43
123,2015-11-26,37.82,11.99,1.41
124,2015-11-27,37.92,12.03,1.41
125,2015-11-30,37.63,11.93,1.42
126,2015-12-01,38.15,12.1,1.4
127,2015-12-02,38.35,12.16,1.39
128,2015-12-03,37.75,11.97,1.42
129,2015-12-04,37.27,11.82,1.43
130,2015-12-07,36.25,11.5,1.47
131,2015-12-08,36.22,11.49,1.48
132,2015-12-09,36.09,11.45,1.48
133,2015-12-10,36.41,11.55,1.47
134,2015-12-11,36.41,11.55,1.47
135,2015-12-14,36.56,11.6,1.46
136,2015-12-15,37.01,11.74,1.44
137,2015-12-16,36.73,11.65,1.45
138,2015-12-17,37.01,11.74,1.44
139,2015-12-18,36.77,11.66,1.45
140,2015-12-21,37.37,11.85,1.43
141,2015-12-22,36.94,11.72,1.45
142,2015-12-23,37.09,11.76,1.44
143,2015-12-24,37.23,11.81,1.44
144,2015-12-28,37.4,11.86,1.43
145,2015-12-29,37.22,11.8,1.44
146,2015-12-30,37.25,11.81,1.43
147,2015-12-31,37.48,11.89,1.43
148,2016-01-01,37.46,11.88,1.43
149,2016-01-04,37.28,11.82,1.43
150,2016-01-05,37.21,11.8,1.44
151,2016-01-06,36.54,11.59,1.46
152,2016-01-07,35.75,11.34,1.49
153,2016-01-08,35.93,11.4,1.49
154,2016-01-11,35.89,11.38,1.49
155,2016-01-12,35.91,11.39,1.49
156,2016-01-13,36.04,11.43,1.48
157,2016-01-14,36.09,11.45,1.48
158,2016-01-15,35.45,11.24,1.51
159,2016-01-18,35.29,11.19,1.51
160,2016-01-19,35.68,11.21,1.51
161,2016-01-20,35.15,11.05,1.53
162,2016-01-21,34.61,10.87,1.56
163,2016-01-22,34.77,10.93,1.55
164,2016-01-25,34.75,10.93,1.55
165,2016-01-27,34.78,10.94,1.55
166,2016-01-28,35.32,11.13,1.52
167,2016-01-29,35.76,11.27,1.5
168,2016-02-01,35.9,11.35,1.49
169,2016-02-02,35.69,11.3,1.5
170,2016-02-03,35.71,11.31,1.5
171,2016-02-04,35.84,11.35,1.49
172,2016-02-05,36.2,11.46,1.48
173,2016-02-08,35.65,11.3,1.5
174,2016-02-09,35.32,11.19,1.51
175,2016-02-10,34.88,11.06,1.53
176,2016-02-11,33.84,10.73,1.58
177,2016-02-12,33.9,10.79,1.57
178,2016-02-15,34.22,10.9,1.56
179,2016-02-16,33.51,10.67,1.59
180,2016-02-17,33.83,10.78,1.57
181,2016-02-18,34.35,10.94,1.55
182,2016-02-19,34.34,10.94,1.55
183,2016-02-22,34.49,10.99,1.54
184,2016-02-23,33.89,10.79,1.57
185,2016-02-24,33.46,10.66,1.59
186,2016-02-25,33.45,10.65,1.59
187,2016-02-26,33.86,10.78,1.57
188,2016-02-29,33.9,10.8,1.57
189,2016-03-01,35.73,11.38,1.49
190,2016-03-02,35.62,11.35,1.5
191,2016-03-03,35.53,11.32,1.5
192,2016-03-04,35.41,11.28,1.5
193,2016-03-08,35.54,11.32,1.5
194,2016-03-09,35.6,11.34,1.5
195,2016-03-10,35.26,11.23,1.51
196,2016-03-11,35.8,11.4,1.49
197,2016-03-14,36.13,11.51,1.47
198,2016-03-15,35.39,11.27,1.5
199,2016-03-16,35.76,11.39,1.49
200,2016-03-17,35.96,11.45,1.48
201,2016-03-18,36.17,11.52,1.47
202,2016-03-21,36.86,11.74,1.45
203,2016-03-22,36.27,11.55,1.47
204,2016-03-23,36.31,11.56,1.47
205,2016-03-28,36.0,11.47,1.48
206,2016-03-29,35.84,11.41,1.49
207,2016-03-30,36.42,11.6,1.46
208,2016-03-31,36.55,11.64,1.46
209,2016-04-01,36.98,11.78,1.44
210,2016-04-04,36.79,11.72,1.45
211,2016-04-05,36.32,11.57,1.47
212,2016-04-06,36.36,11.58,1.46
213,2016-04-07,35.85,11.42,1.49
214,2016-04-08,35.98,11.46,1.48
215,2016-04-11,36.35,11.58,1.47
216,2016-04-12,36.26,11.55,1.47
217,2016-04-13,37.07,11.81,1.44
218,2016-04-18,37.46,11.93,1.42
219,2016-04-20,37.45,11.93,1.42
220,2016-04-21,37.12,11.82,1.43
221,2016-04-22,36.76,11.71,1.45
222,2016-04-25,36.46,11.61,1.46
223,2016-04-26,36.79,11.72,1.45
224,2016-04-27,37.25,11.86,1.43
225,2016-04-28,36.38,11.59,1.46
226,2016-04-29,36.51,11.63,1.46
227,2016-05-02,36.39,11.62,1.46
228,2016-05-03,35.92,11.47,1.48
229,2016-05-04,35.59,11.37,1.49
230,2016-05-05,35.87,11.47,1.48
231,2016-05-06,35.97,11.5,1.48
232,2016-05-09,36.46,11.64,1.46
233,2016-05-10,36.52,11.69,1.45
234,2016-05-11,36.32,11.62,1.46
235,2016-05-12,36.36,11.63,1.46
236,2016-05-13,36.21,11.59,1.46
237,2016-05-16,36.78,11.77,1.44
238,2016-05-17,36.72,11.76,1.44
239,2016-05-18,36.74,11.76,1.44
240,2016-05-19,36.1,11.55,1.47
241,2016-05-20,36.27,11.61,1.46
242,2016-05-23,37.14,11.89,1.43
243,2016-05-24,36.8,11.91,1.42
244,2016-05-25,37.59,12.16,1.4
245,2016-05-26,38.11,12.32,1.38
246,2016-05-27,35.67,12.32,1.38
0,2016-05-30,34.88,12.26,1.38
1,2016-05-31,34.4,12.1,1.4
2,2016-06-01,35.01,12.31,1.38
3,2016-06-02,35.07,12.33,1.38
4,2016-06-03,35.06,12.33,1.38
5,2016-06-06,35.02,12.31,1.38
6,2016-06-07,35.56,12.5,1.36
7,2016-06-08,35.58,12.51,1.36
8,2016-06-09,34.93,12.28,1.38
9,2016-06-10,34.71,12.21,1.41
10,2016-06-13,34.62,12.18,1.41
11,2016-06-14,34.73,12.22,1.41
12,2016-06-15,35.13,12.36,1.39
13,2016-06-16,34.98,12.3,1.4
14,2016-06-17,35.28,12.41,1.39
15,2016-06-20,35.22,12.39,1.39
16,2016-06-21,35.2,12.38,1.39
17,2016-06-22,35.0,12.31,1.4
18,2016-06-23,35.31,12.42,1.38
19,2016-06-24,34.85,12.26,1.4
20,2016-06-27,35.2,12.38,1.39
21,2016-06-28,35.93,12.64,1.36
22,2016-06-29,35.88,12.62,1.36
23,2016-06-30,36.22,12.74,1.35
24,2016-07-01,36.92,12.99,1.32
25,2016-07-04,36.38,12.79,1.34
26,2016-07-05,36.37,12.79,1.34
27,2016-07-07,36.75,12.93,1.33
28,2016-07-08,36.64,12.89,1.33
29,2016-07-11,37.01,13.02,1.32
30,2016-07-12,36.88,12.97,1.33
31,2016-07-13,36.77,12.93,1.33
32,2016-07-14,36.92,12.98,1.32
33,2016-07-15,36.93,12.99,1.32
34,2016-07-18,36.84,12.96,1.33
35,2016-07-19,36.61,12.88,1.33
36,2016-07-20,36.81,12.95,1.33
37,2016-07-21,36.88,12.97,1.33
38,2016-07-22,36.88,12.97,1.33
39,2016-07-25,37.11,12.92,1.31
40,2016-07-26,36.98,12.2,1.64
41,2016-07-27,36.72,12.01,1.65
42,2016-07-28,37.37,12.06,1.65
43,2016-07-29,37.26,12.03,1.66
44,2016-08-01,37.11,11.98,1.66
45,2016-08-02,37.95,12.25,1.63
46,2016-08-03,37.02,11.95,1.67
47,2016-08-04,37.0,11.95,1.67
48,2016-08-05,37.14,11.99,1.66
49,2016-08-08,37.22,12.02,1.66
50,2016-08-09,36.91,11.91,1.67
51,2016-08-10,36.6,11.81,1.69
52,2016-08-11,37.28,11.93,1.66
53,2016-08-12,37.55,12.02,1.64
54,2016-08-16,37.54,12.02,1.64
55,2016-08-17,37.46,11.99,1.65
56,2016-08-18,37.32,11.94,1.65
57,2016-08-19,37.27,11.93,1.66
58,2016-08-22,37.53,12.01,1.65
59,2016-08-23,37.18,11.9,1.66
60,2016-08-24,37.21,11.91,1.66
61,2016-08-25,37.36,11.96,1.65
62,2016-08-26,37.35,11.95,1.65
63,2016-08-29,37.25,11.92,1.66
64,2016-08-30,37.85,12.11,1.63
65,2016-08-31,37.95,12.14,1.63
66,2016-09-01,38.13,12.2,1.62
67,2016-09-02,38.25,12.24,1.61
68,2016-09-06,38.56,12.33,1.6
69,2016-09-07,38.62,12.33,1.6
70,2016-09-08,38.92,12.43,1.59
71,2016-09-09,38.11,12.17,1.62
72,2016-09-12,37.41,11.95,1.65
73,2016-09-14,37.47,11.96,1.65
74,2016-09-15,37.81,12.07,1.63
75,2016-09-16,38.21,12.2,1.62
76,2016-09-19,38.05,12.15,1.62
77,2016-09-20,37.74,12.05,1.64
78,2016-09-21,37.5,11.97,1.65
79,2016-09-22,37.62,12.01,1.64
80,2016-09-23,37.52,11.96,1.65
81,2016-09-26,36.93,11.78,1.67
82,2016-09-27,36.8,11.74,1.68
83,2016-09-28,36.61,11.75,1.68
84,2016-09-29,36.12,11.61,1.7
85,2016-09-30,35.83,11.54,1.71
86,2016-10-03,36.18,11.64,1.69
87,2016-10-04,36.1,11.63,1.69
88,2016-10-05,36.16,11.65,1.69
89,2016-10-06,36.04,11.61,1.7
90,2016-10-07,36.0,11.6,1.7
91,2016-10-10,36.06,11.61,1.7
92,2016-10-13,35.66,11.5,1.71
93,2016-10-14,35.62,11.48,1.72
94,2016-10-17,35.61,11.48,1.72
95,2016-10-18,36.2,11.66,1.69
96,2016-10-19,35.4,11.49,1.71
97,2016-10-20,35.39,11.48,1.72
98,2016-10-21,35.87,11.55,1.71
99,2016-10-24,35.63,11.56,1.71
100,2016-10-25,35.58,11.46,1.72
101,2016-10-26,35.23,11.44,1.72
102,2016-10-27,35.12,11.5,1.71
103,2016-10-28,35.28,11.55,1.71
104,2016-10-30,35.17,11.51,1.71
105,2016-11-01,34.99,11.45,1.72
106,2016-11-02,34.7,11.36,1.74
107,2016-11-03,34.81,11.39,1.73
108,2016-11-04,35.42,11.61,1.7
109,2016-11-07,35.86,11.74,1.68
110,2016-11-08,36.79,11.74,1.68
111,2016-11-09,36.24,11.48,1.72
112,2016-11-10,36.46,11.55,1.71
113,2016-11-11,34.94,11.16,1.77
114,2016-11-15,34.06,10.88,1.81
115,2016-11-16,33.79,10.79,1.83
116,2016-11-17,33.8,10.8,1.83
117,2016-11-18,33.74,10.7,1.84
118,2016-11-21,33.09,10.56,1.87
119,2016-11-22,33.55,10.68,1.85
120,2016-11-23,33.62,10.71,1.84
121,2016-11-24,33.42,10.64,1.85
122,2016-11-25,34.0,10.81,1.82
123,2016-11-28,34.45,10.95,1.8
124,2016-11-29,34.26,10.89,1.81
125,2016-11-30,34.81,10.98,1.79
126,2016-12-01,34.68,11.02,1.79
127,2016-12-02,34.04,10.82,1.82
128,2016-12-05,34.8,10.98,1.79
129,2016-12-06,34.2,10.88,1.81
130,2016-12-07,33.94,10.8,1.82
131,2016-12-08,34.57,10.97,1.79
132,2016-12-09,34.76,11.03,1.78
133,2016-12-12,34.49,10.87,1.81
134,2016-12-13,34.78,10.96,1.79
135,2016-12-14,34.48,10.86,1.81
136,2016-12-15,34.17,10.77,1.82
137,2016-12-16,33.65,10.69,1.84
138,2016-12-19,33.87,10.67,1.84
139,2016-12-20,34.01,10.72,1.83
140,2016-12-21,33.36,10.6,1.85
141,2016-12-22,33.29,10.56,1.86
142,2016-12-23,33.01,10.48,1.87
143,2016-12-26,33.08,10.5,1.87
144,2016-12-27,33.97,10.78,1.82
145,2016-12-28,34.19,10.85,1.81
146,2016-12-29,34.39,10.91,1.8
147,2016-12-30,35.22,11.1,1.77
148,2017-01-02,34.88,11.08,1.77
149,2017-01-03,35.14,11.16,1.76
150,2017-01-04,35.53,11.2,1.75
151,2017-01-05,35.76,11.27,1.74
152,2017-01-06,35.41,11.16,1.76
153,2017-01-09,35.61,11.22,1.75
154,2017-01-10,35.64,11.32,1.74
155,2017-01-11,35.95,11.34,1.73
156,2017-01-12,35.6,11.23,1.75
157,2017-01-13,36.02,11.36,1.73
158,2017-01-16,35.96,11.34,1.73
159,2017-01-17,36.38,11.47,1.71
160,2017-01-18,36.52,11.51,1.71
161,2017-01-19,36.7,11.57,1.7
162,2017-01-20,36.71,11.57,1.7
163,2017-01-23,36.97,11.7,1.68
164,2017-01-24,36.95,11.72,1.68
165,2017-01-25,37.45,11.88,1.65
166,2017-01-27,36.76,11.66,1.68
167,2017-01-30,36.74,11.65,1.69
168,2017-01-31,36.82,11.68,1.68
169,2017-02-01,37.91,12.03,1.63
170,2017-02-02,38.23,12.14,1.62
171,2017-02-03,38.13,12.11,1.62
172,2017-02-06,38.52,12.25,1.6
173,2017-02-07,38.54,12.24,1.61
174,2017-02-08,38.38,12.18,1.61
175,2017-02-09,38.55,12.23,1.61
176,2017-02-10,38.3,12.15,1.62
177,2017-02-13,38.2,12.11,1.62
178,2017-02-14,38.11,12.09,1.63
179,2017-02-15,38.24,12.13,1.62
180,2017-02-16,37.74,11.97,1.64
181,2017-02-17,37.93,12.0,1.64
182,2017-02-20,37.92,12.0,1.64
183,2017-02-21,37.93,12.01,1.64
184,2017-02-22,37.89,11.99,1.64
185,2017-02-23,37.88,12.0,1.64
186,2017-02-27,37.87,12.0,1.64
187,2017-02-28,37.73,11.95,1.64
188,2017-03-01,38.26,12.12,1.62
189,2017-03-02,37.87,12.0,1.64
190,2017-03-03,37.64,11.92,1.65
191,2017-03-06,37.83,11.98,1.64
192,2017-03-07,37.83,11.98,1.64
193,2017-03-08,37.78,11.97,1.64
194,2017-03-09,37.83,11.98,1.64
195,2017-03-10,37.74,11.96,1.64
196,2017-03-14,38.42,12.17,1.61
197,2017-03-15,38.5,12.2,1.61
198,2017-03-16,38.69,12.26,1.6
199,2017-03-17,39.68,12.57,1.56
200,2017-03-20,39.7,12.58,1.56
201,2017-03-21,40.2,12.73,1.54
202,2017-03-22,39.51,12.52,1.57
203,2017-03-23,39.42,12.49,1.57
204,2017-03-24,39.62,12.55,1.57
205,2017-03-27,39.6,12.55,1.57
206,2017-03-28,39.64,12.56,1.56
207,2017-03-29,39.99,12.67,1.55
208,2017-03-30,39.99,12.67,1.55
209,2017-03-31,39.77,12.6,1.56
210,2017-04-03,39.93,12.65,1.55
211,2017-04-05,39.84,12.62,1.56
212,2017-04-06,39.44,12.49,1.57
213,2017-04-07,39.25,12.43,1.58
214,2017-04-10,39.3,12.45,1.58
215,2017-04-11,39.95,12.66,1.55
216,2017-04-12,39.98,12.67,1.55
217,2017-04-13,39.71,12.58,1.56
218,2017-04-17,39.63,12.55,1.56
219,2017-04-18,39.5,12.51,1.57
220,2017-04-19,39.51,12.51,1.57
221,2017-04-20,39.69,12.57,1.56
222,2017-04-21,39.24,12.43,1.58
223,2017-04-24,39.43,12.49,1.57
224,2017-04-25,40.14,12.72,1.54
225,2017-04-26,41.06,13.01,1.51
226,2017-04-27,40.65,12.88,1.53
227,2017-04-28,39.99,12.67,1.55
228,2017-05-02,40.13,12.71,1.55
229,2017-05-03,40.01,12.67,1.55
230,2017-05-04,40.46,12.82,1.53
231,2017-05-05,39.92,12.64,1.55
232,2017-05-08,39.6,12.54,1.57
233,2017-05-09,39.74,12.59,1.56
234,2017-05-10,40.46,12.82,1.53
235,2017-05-11,40.59,12.86,1.53
236,2017-05-12,40.49,12.82,1.53
237,2017-05-15,40.74,12.91,1.52
238,2017-05-16,41.17,13.04,1.51
239,2017-05-17,40.99,12.99,1.51
240,2017-05-18,40.31,12.77,1.54
241,2017-05-19,41.12,13.03,1.51
242,2017-05-22,42.6,13.5,1.45
243,2017-05-23,42.21,13.38,1.47
244,2017-05-24,42.13,13.37,1.47
245,2017-05-25,42.25,13.41,1.47
246,2017-05-26,43.05,13.66,1.44
0,2017-05-29,43.86,13.9,1.41
1,2017-05-30,43.58,13.81,1.42
2,2017-05-31,43.68,13.84,1.42
3,2017-06-01,44.23,14.01,1.4
4,2017-06-02,44.63,14.14,1.39
5,2017-06-05,44.67,14.16,1.39
6,2017-06-06,44.05,13.96,1.41
7,2017-06-07,44.34,14.05,1.4
8,2017-06-08,44.16,14.02,1.4
9,2017-06-09,42.97,13.89,1.41
10,2017-06-12,42.84,13.85,1.42
11,2017-06-13,42.97,13.9,1.41
12,2017-06-14,42.64,13.79,1.42
13,2017-06-15,42.82,13.79,1.42
14,2017-06-16,43.06,13.88,1.42
15,2017-06-19,44.21,13.99,1.4
16,2017-06-20,44.14,13.96,1.41
17,2017-06-21,44.48,14.06,1.4
18,2017-06-22,44.37,14.03,1.4
19,2017-06-23,44.33,14.01,1.4
20,2017-06-27,44.37,14.03,1.4
21,2017-06-28,44.02,13.92,1.41
22,2017-06-29,44.29,14.0,1.4
23,2017-06-30,45.32,14.33,1.37
24,2017-07-03,47.08,14.88,1.32
25,2017-07-04,46.67,14.76,1.33
26,2017-07-05,46.33,14.65,1.34
27,2017-07-06,46.73,14.77,1.33
28,2017-07-07,46.53,14.71,1.34
29,2017-07-10,46.55,14.72,1.33
30,2017-07-11,46.36,14.66,1.34
31,2017-07-12,46.46,14.69,1.34
32,2017-07-13,47.3,14.95,1.31
33,2017-07-14,47.21,14.92,1.32
34,2017-07-17,46.41,14.67,1.34
35,2017-07-18,43.27,13.68,1.44
36,2017-07-19,43.9,13.52,1.42
37,2017-07-20,43.64,13.44,1.43
38,2017-07-21,43.69,13.46,1.43
39,2017-07-24,44.09,13.58,1.42
40,2017-07-25,43.91,13.53,1.42
41,2017-07-26,44.21,13.62,1.41
42,2017-07-27,43.96,13.55,1.42
43,2017-07-28,44.07,13.58,1.42
44,2017-07-31,43.58,13.43,1.43
45,2017-08-01,43.16,13.45,1.43
46,2017-08-02,42.74,13.32,1.44
47,2017-08-03,42.66,13.3,1.45
48,2017-08-04,42.77,13.35,1.44
49,2017-08-07,42.87,13.38,1.44
50,2017-08-08,42.36,13.22,1.45
51,2017-08-09,41.89,13.11,1.47
52,2017-08-10,41.66,13.04,1.47
53,2017-08-11,41.35,12.93,1.49
54,2017-08-14,41.6,13.01,1.48
55,2017-08-16,42.64,13.34,1.44
56,2017-08-17,42.6,13.32,1.44
57,2017-08-18,42.95,13.43,1.43
58,2017-08-21,42.86,13.37,1.44
59,2017-08-22,42.61,13.37,1.44
60,2017-08-23,42.6,13.37,1.44
61,2017-08-24,42.53,13.35,1.44
62,2017-08-28,42.87,13.46,1.43
63,2017-08-29,42.48,13.33,1.44
64,2017-08-30,42.86,13.45,1.43
65,2017-08-31,42.99,13.49,1.42
66,2017-09-01,43.11,13.53,1.42
67,2017-09-04,42.87,13.46,1.43
68,2017-09-05,43.0,13.49,1.42
69,2017-09-06,42.43,13.3,1.44
70,2017-09-07,42.15,13.22,1.45
71,2017-09-08,42.32,13.27,1.45
72,2017-09-11,42.55,13.34,1.44
73,2017-09-12,43.16,13.53,1.42
74,2017-09-13,42.69,13.39,1.44
75,2017-09-14,42.68,13.39,1.44
76,2017-09-15,42.48,13.32,1.44
77,2017-09-18,42.6,13.36,1.44
78,2017-09-19,42.72,13.4,1.43
79,2017-09-20,42.8,13.42,1.43
80,2017-09-21,42.45,13.31,1.44
81,2017-09-22,42.0,13.17,1.46
82,2017-09-25,41.61,13.05,1.47
83,2017-09-26,41.42,12.99,1.48
84,2017-09-27,40.9,12.83,1.5
85,2017-09-28,41.18,12.91,1.49
86,2017-09-29,40.83,12.53,1.5
87,2017-10-03,41.26,12.66,1.48
88,2017-10-04,41.86,12.85,1.46
89,2017-10-05,41.7,12.8,1.47
90,2017-10-06,41.9,12.86,1.46
91,2017-10-09,42.16,12.94,1.45
92,2017-10-10,42.02,12.9,1.46
93,2017-10-11,41.99,12.89,1.46
94,2017-10-12,42.47,13.03,1.44
95,2017-10-13,42.41,13.01,1.44
96,2017-10-16,42.69,10.64,1.43
97,2017-10-17,42.72,10.65,1.43
98,2017-10-18,42.83,10.67,1.43
99,2017-10-19,42.65,10.63,1.44
100,2017-10-23,42.39,10.56,1.45
101,2017-10-24,42.53,10.6,1.44
102,2017-10-25,42.75,10.66,1.43
103,2017-10-26,42.76,10.66,1.43
104,2017-10-27,42.8,10.73,1.42
105,2017-10-30,42.45,10.66,1.43
106,2017-10-31,42.07,10.57,1.43
107,2017-11-01,42.74,10.73,1.41
108,2017-11-02,42.3,10.62,1.43
109,2017-11-03,42.19,10.61,1.43
110,2017-11-06,42.24,10.62,1.43
111,2017-11-07,42.14,10.6,1.43
112,2017-11-08,42.11,10.59,1.43
113,2017-11-09,42.07,10.58,1.43
114,2017-11-10,42.39,10.66,1.42
115,2017-11-13,41.97,10.56,1.43
116,2017-11-14,41.83,10.52,1.44
117,2017-11-15,41.33,10.4,1.46
118,2017-11-16,41.77,10.51,1.44
119,2017-11-17,42.11,10.59,1.43
120,2017-11-20,42.28,10.63,1.42
121,2017-11-21,41.92,10.57,1.43
122,2017-11-22,42.03,10.61,1.43
123,2017-11-23,41.93,10.61,1.43
124,2017-11-24,42.23,10.68,1.42
125,2017-11-27,42.13,10.66,1.42
126,2017-11-28,42.18,10.67,1.42
127,2017-11-29,42.24,10.68,1.42
128,2017-11-30,41.99,10.69,1.5
129,2017-12-01,41.74,10.62,1.51
130,2017-12-04,41.89,10.66,1.5
131,2017-12-05,41.79,10.64,1.5
132,2017-12-06,41.67,10.61,1.51
133,2017-12-07,42.03,10.7,1.5
134,2017-12-08,43.03,10.95,1.46
135,2017-12-11,43.43,11.06,1.45
136,2017-12-12,42.86,10.91,1.47
137,2017-12-13,42.54,10.83,1.48
138,2017-12-14,42.9,10.92,1.46
139,2017-12-15,42.98,10.94,1.46
140,2017-12-18,43.02,10.95,1.46
141,2017-12-19,43.41,11.05,1.45
142,2017-12-20,43.47,11.06,1.45
143,2017-12-21,43.37,11.04,1.45
144,2017-12-22,43.44,11.06,1.45
145,2017-12-26,43.46,11.06,1.45
146,2017-12-27,43.32,11.03,1.45
147,2017-12-28,43.28,11.02,1.45
148,2017-12-29,43.69,11.12,1.44
149,2018-01-01,43.42,11.05,1.45
150,2018-01-02,43.17,10.99,1.46
151,2018-01-03,43.36,11.03,1.45
152,2018-01-04,43.43,11.05,1.45
153,2018-01-05,43.79,11.14,1.43
154,2018-01-08,44.13,11.23,1.42
155,2018-01-09,44.34,11.28,1.42
156,2018-01-10,44.28,11.27,1.42
157,2018-01-11,44.43,11.31,1.41
158,2018-01-12,44.25,11.26,1.42
159,2018-01-15,44.4,11.3,1.42
160,2018-01-16,43.91,11.17,1.43
161,2018-01-17,44.19,11.25,1.42
162,2018-01-18,44.69,11.37,1.41
163,2018-01-19,44.96,11.44,1.4
164,2018-01-22,45.11,11.48,1.39
165,2018-01-23,44.99,11.54,1.39
166,2018-01-24,43.93,11.6,1.38
167,2018-01-25,43.65,11.52,1.39
168,2018-01-29,43.4,11.46,1.4
169,2018-01-30,43.35,11.44,1.4
170,2018-01-31,42.73,11.28,1.42
171,2018-02-01,43.09,11.37,1.41
172,2018-02-02,42.73,11.3,1.41
173,2018-02-05,42.75,11.31,1.41
174,2018-02-06,41.93,11.09,1.44
175,2018-02-07,42.03,11.12,1.44
176,2018-02-08,42.11,11.14,1.44
177,2018-02-09,41.94,11.09,1.44
178,2018-02-12,42.12,11.14,1.44
179,2018-02-14,41.94,11.08,1.44
180,2018-02-15,42.08,11.12,1.44
181,2018-02-16,41.87,11.06,1.45
182,2018-02-19,41.58,10.98,1.46
183,2018-02-20,41.49,10.96,1.46
184,2018-02-21,41.52,11.05,1.45
185,2018-02-22,41.34,11.0,1.45
186,2018-02-23,41.67,11.09,1.44
187,2018-02-26,41.63,11.08,1.44
188,2018-02-27,41.76,11.11,1.44
189,2018-02-28,41.42,11.02,1.45
190,2018-03-01,41.37,11.02,1.45
191,2018-03-05,40.85,10.88,1.47
192,2018-03-06,40.43,10.77,1.49
193,2018-03-07,40.69,10.84,1.48
194,2018-03-08,40.52,10.79,1.48
195,2018-03-09,40.63,10.82,1.48
196,2018-03-12,41.69,11.1,1.44
197,2018-03-13,41.54,11.08,1.45
198,2018-03-14,41.36,11.03,1.45
199,2018-03-15,41.13,10.97,1.46
200,2018-03-16,40.61,10.83,1.48
201,2018-03-19,40.13,10.78,1.49
202,2018-03-20,40.26,10.83,1.48
203,2018-03-21,40.33,10.85,1.48
204,2018-03-22,40.25,10.83,1.48
205,2018-03-23,40.05,10.77,1.49
206,2018-03-26,40.45,10.88,1.47
207,2018-03-27,40.65,10.94,1.46
208,2018-03-28,40.39,10.86,1.47
209,2018-04-02,40.98,11.02,1.45
210,2018-04-03,40.99,11.03,1.45
211,2018-04-04,40.9,11.0,1.46
212,2018-04-05,41.25,11.1,1.44
213,2018-04-06,41.45,11.15,1.44
214,2018-04-09,41.92,11.28,1.42
215,2018-04-10,41.91,11.27,1.42
216,2018-04-11,42.0,11.3,1.42
217,2018-04-12,41.82,11.25,1.42
218,2018-04-13,41.73,11.22,1.43
219,2018-04-16,42.17,11.34,1.41
220,2018-04-17,42.58,11.45,1.4
221,2018-04-18,43.33,11.65,1.37
222,2018-04-19,43.57,11.72,1.37
223,2018-04-20,43.47,11.69,1.37
224,2018-04-23,43.33,11.66,1.37
225,2018-04-24,43.42,11.68,1.37
226,2018-04-25,43.32,11.65,1.37
227,2018-04-26,43.83,11.79,1.36
228,2018-04-27,43.97,11.83,1.35
229,2018-04-30,44.49,11.97,1.34
230,2018-05-02,44.56,11.99,1.34
231,2018-05-03,44.05,11.85,1.35
232,2018-05-04,43.57,11.72,1.37
233,2018-05-07,44.21,11.89,1.35
234,2018-05-08,44.16,11.88,1.35
235,2018-05-09,43.97,11.83,1.35
236,2018-05-10,43.66,11.74,1.36
237,2018-05-11,44.04,11.85,1.35
238,2018-05-14,43.98,11.83,1.35
239,2018-05-15,43.84,11.79,1.36
240,2018-05-16,44.64,12.01,1.33
241,2018-05-17,44.07,11.85,1.35
242,2018-05-18,44.62,12.0,1.33
243,2018-05-21,44.34,11.93,1.34
244,2018-05-22,44.22,11.89,1.35
245,2018-05-23,43.94,11.82,1.36
246,2018-05-24,44.07,11.86,1.35
247,2018-05-25,44.22,11.9,1.35
0,2018-05-28,44.24,11.98,1.34
1,2018-05-29,44.1,11.94,1.34
2,2018-05-30,44.03,11.92,1.34
3,2018-05-31,44.27,11.99,1.34
4,2018-06-01,43.96,11.9,1.35
5,2018-06-04,43.63,11.81,1.36
6,2018-06-05,43.55,11.79,1.36
7,2018-06-06,43.94,11.9,1.35
8,2018-06-07,44.35,12.01,1.33
9,2018-06-08,44.11,11.94,1.34
10,2018-06-11,43.48,11.98,1.34
11,2018-06-12,43.87,12.09,1.33
12,2018-06-13,43.65,12.03,1.33
13,2018-06-14,43.6,12.02,1.33
14,2018-06-15,43.43,11.97,1.34
15,2018-06-18,43.25,11.94,1.34
16,2018-06-19,43.16,11.92,1.34
17,2018-06-20,42.96,11.86,1.35
18,2018-06-21,42.67,11.79,1.36
19,2018-06-22,43.12,11.91,1.35
20,2018-06-25,42.92,11.85,1.35
21,2018-06-26,42.82,11.98,1.34
22,2018-06-27,42.57,11.91,1.35
23,2018-06-28,42.26,11.82,1.36
24,2018-06-29,43.09,11.83,1.35
25,2018-07-02,42.81,11.75,1.36
26,2018-07-03,43.1,11.83,1.35
27,2018-07-04,43.31,11.89,1.34
28,2018-07-05,43.74,12.01,1.33
29,2018-07-06,43.66,11.98,1.33
30,2018-07-09,44.02,12.08,1.32
31,2018-07-10,44.21,12.14,1.32
32,2018-07-11,44.34,12.17,1.31
33,2018-07-12,44.53,12.22,1.31
34,2018-07-13,44.08,12.1,1.32
35,2018-07-16,43.99,12.08,1.32
36,2018-07-17,43.55,11.95,1.34
37,2018-07-18,43.13,11.84,1.35
38,2018-07-19,43.46,11.93,1.34
39,2018-07-20,43.56,10.93,1.21
40,2018-07-23,44.63,11.2,1.18
41,2018-07-24,44.67,11.21,1.18
42,2018-07-25,44.58,11.19,1.18
43,2018-07-26,44.69,11.21,1.18
44,2018-07-27,45.75,11.43,1.19
45,2018-07-30,45.88,11.46,1.18
46,2018-07-31,46.13,11.52,1.18
47,2018-08-01,46.38,11.58,1.17
48,2018-08-02,46.23,11.55,1.18
49,2018-08-03,46.75,11.68,1.16
50,2018-08-06,45.41,11.6,1.17
51,2018-08-07,45.29,11.57,1.17
52,2018-08-08,45.34,11.63,1.17
53,2018-08-09,45.43,11.66,1.16
54,2018-08-10,45.56,11.69,1.16
55,2018-08-13,45.46,11.7,1.16
56,2018-08-14,45.81,11.79,1.15
57,2018-08-16,45.82,11.79,1.15
58,2018-08-17,46.7,12.02,1.13
59,2018-08-20,46.69,12.03,1.13
60,2018-08-21,46.59,12.0,1.13
61,2018-08-23,47.01,12.11,1.12
62,2018-08-24,46.61,12.03,1.13
63,2018-08-27,46.86,12.11,1.12
64,2018-08-28,46.71,12.07,1.12
65,2018-08-29,46.61,11.96,1.13
66,2018-08-30,47.21,12.12,1.12
67,2018-08-31,47.31,12.14,1.11
68,2018-09-03,46.15,11.84,1.14
69,2018-09-04,45.19,11.6,1.16
70,2018-09-05,44.83,11.5,1.18
71,2018-09-06,44.82,11.49,1.18
72,2018-09-07,45.1,11.57,1.17
73,2018-09-10,44.32,11.37,1.19
74,2018-09-11,43.25,11.09,1.22
75,2018-09-12,44.34,11.37,1.19
76,2018-09-14,44.57,11.43,1.18
77,2018-09-17,43.96,11.27,1.2
78,2018-09-18,44.44,11.4,1.19
79,2018-09-19,43.85,11.25,1.2
80,2018-09-21,43.74,11.22,1.2
81,2018-09-24,42.79,10.97,1.23
82,2018-09-25,43.33,11.11,1.22
83,2018-09-26,42.7,10.86,1.23
84,2018-09-27,42.66,10.85,1.23
85,2018-09-28,43.08,10.93,1.22
86,2018-10-01,43.32,10.99,1.21
87,2018-10-03,42.7,10.83,1.23
88,2018-10-04,41.44,10.51,1.26
89,2018-10-05,40.35,10.23,1.3
90,2018-10-08,40.11,10.17,1.31
91,2018-10-09,39.3,9.97,1.33
92,2018-10-10,39.95,10.13,1.31
93,2018-10-11,39.63,10.05,1.32
94,2018-10-12,40.75,10.34,1.29
95,2018-10-15,41.01,10.4,1.28
96,2018-10-16,41.25,10.46,1.27
97,2018-10-17,41.43,10.51,1.26
98,2018-10-19,41.75,10.59,1.25
99,2018-10-22,41.69,10.57,1.26
100,2018-10-23,41.23,10.46,1.27
101,2018-10-24,41.44,10.51,1.26
102,2018-10-25,41.13,10.43,1.27
103,2018-10-26,40.5,10.29,1.29
104,2018-10-29,40.85,10.38,1.28
105,2018-10-30,40.87,10.38,1.28
106,2018-10-31,41.27,10.48,1.27
107,2018-11-01,41.0,10.41,1.28
108,2018-11-02,41.69,10.59,1.26
109,2018-11-05,41.53,10.55,1.26
110,2018-11-06,41.17,10.46,1.27
111,2018-11-07,41.55,10.56,1.26
112,2018-11-09,41.51,10.55,1.26
113,2018-11-12,41.23,10.48,1.27
114,2018-11-13,41.61,10.57,1.26
115,2018-11-14,41.99,10.67,1.25
116,2018-11-15,41.95,10.66,1.25
117,2018-11-16,42.14,10.7,1.24
118,2018-11-19,42.86,10.89,1.22
119,2018-11-20,42.37,10.8,1.23
120,2018-11-21,42.35,10.79,1.23
121,2018-11-22,41.93,10.74,1.24
122,2018-11-26,42.74,10.99,1.21
123,2018-11-27,42.71,10.98,1.21
124,2018-11-28,42.38,10.9,1.22
125,2018-11-29,42.97,11.05,1.2
126,2018-11-30,43.01,11.06,1.2
127,2018-12-03,43.33,11.14,1.19
128,2018-12-04,43.05,11.07,1.2
129,2018-12-05,42.74,10.99,1.21
130,2018-12-06,42.1,10.83,1.23
131,2018-12-07,42.37,10.9,1.22
132,2018-12-10,41.71,10.73,1.24
133,2018-12-11,42.21,10.86,1.22
134,2018-12-12,42.95,11.05,1.2
135,2018-12-13,43.25,11.12,1.19
136,2018-12-14,43.36,11.15,1.19
137,2018-12-17,43.72,11.24,1.18
138,2018-12-18,43.67,11.23,1.18
139,2018-12-19,44.23,11.37,1.17
140,2018-12-20,43.92,11.29,1.18
141,2018-12-21,43.12,11.09,1.2
142,2018-12-24,42.76,11.0,1.21
143,2018-12-26,42.83,11.01,1.21
144,2018-12-27,43.37,11.15,1.19
145,2018-12-28,43.63,11.22,1.18
146,2018-12-31,43.59,11.05,1.13
147,2019-01-01,43.42,11.0,1.13
148,2019-01-02,43.13,10.93,1.14
149,2019-01-03,43.12,10.93,1.14
150,2019-01-04,43.12,10.93,1.14
151,2019-01-07,43.26,10.96,1.13
152,2019-01-08,43.24,10.96,1.13
153,2019-01-09,43.68,11.07,1.12
154,2019-01-10,43.67,11.07,1.12
155,2019-01-11,43.94,11.13,1.12
156,2019-01-14,43.88,11.12,1.12
157,2019-01-15,44.3,11.23,1.11
158,2019-01-16,43.97,11.14,1.12
159,2019-01-17,43.91,11.13,1.12
160,2019-01-18,43.62,11.06,1.12
161,2019-01-21,43.55,11.04,1.13
162,2019-01-22,43.58,11.04,1.13
163,2019-01-23,42.84,10.86,1.15
164,2019-01-24,42.91,10.87,1.14
165,2019-01-25,42.69,10.84,1.15
166,2019-01-28,42.16,10.7,1.16
167,2019-01-29,42.4,10.77,1.15
168,2019-01-30,41.98,10.67,1.17
169,2019-01-31,42.46,10.79,1.15
170,2019-02-01,42.94,10.93,1.14
171,2019-02-04,42.66,10.86,1.14
172,2019-02-05,42.31,10.77,1.15
173,2019-02-06,42.69,10.87,1.14
174,2019-02-07,43.04,10.96,1.13
175,2019-02-08,42.33,10.78,1.15
176,2019-02-11,42.27,10.76,1.16
177,2019-02-12,42.23,10.69,1.16
178,2019-02-13,42.03,10.66,1.17
179,2019-02-14,42.04,10.66,1.17
180,2019-02-15,41.84,10.61,1.17
181,2019-02-18,41.35,10.49,1.19
182,2019-02-19,41.41,10.5,1.18
183,2019-02-20,41.48,10.52,1.18
184,2019-02-21,41.64,10.56,1.18
185,2019-02-22,41.75,10.73,1.17
186,2019-02-25,41.87,10.76,1.17
187,2019-02-26,41.72,10.73,1.17
188,2019-02-27,41.6,10.7,1.18
189,2019-02-28,41.73,10.73,1.17
190,2019-03-01,42.02,10.81,1.17
191,2019-03-05,42.25,10.87,1.16
192,2019-03-06,42.34,10.9,1.16
193,2019-03-07,42.62,10.97,1.15
194,2019-03-08,42.68,10.98,1.15
195,2019-03-11,43.12,11.1,1.14
196,2019-03-12,43.44,11.18,1.13
197,2019-03-13,43.4,11.17,1.13
198,2019-03-14,43.42,11.17,1.13
199,2019-03-15,42.69,10.99,1.15
200,2019-03-18,43.0,11.07,1.14
201,2019-03-19,43.37,11.16,1.13
202,2019-03-20,43.18,11.11,1.13
203,2019-03-22,43.04,11.08,1.14
204,2019-03-25,42.64,10.97,1.15
205,2019-03-26,42.69,10.99,1.15
206,2019-03-27,42.6,10.96,1.15
207,2019-03-28,43.1,11.09,1.14
208,2019-03-29,46.62,12.38,1.03
209,2019-04-01,46.42,12.33,1.03
210,2019-04-02,46.24,12.28,1.04
211,2019-04-03,46.08,12.24,1.04
212,2019-04-04,46.12,12.25,1.04
213,2019-04-05,45.93,12.2,1.05
214,2019-04-08,45.83,12.17,1.05
215,2019-04-09,46.16,12.26,1.04
216,2019-04-10,46.12,12.25,1.04
217,2019-04-11,46.36,12.31,1.04
218,2019-04-12,46.95,12.47,1.02
219,2019-04-15,46.97,12.47,1.02
220,2019-04-16,47.27,12.55,1.02
221,2019-04-18,46.99,12.48,1.02
222,2019-04-22,46.77,12.42,1.03
223,2019-04-23,46.89,12.45,1.02
224,2019-04-24,47.1,12.51,1.02
225,2019-04-25,46.7,12.4,1.03
226,2019-04-26,46.8,12.43,1.03
227,2019-04-30,46.64,12.39,1.03
228,2019-05-02,46.27,12.29,1.04
229,2019-05-03,45.74,12.15,1.05
230,2019-05-06,45.47,12.08,1.06
231,2019-05-07,45.45,12.07,1.06
232,2019-05-08,45.2,12.0,1.06
233,2019-05-09,45.32,12.04,1.06
234,2019-05-10,43.99,11.99,1.06
235,2019-05-13,43.45,11.87,1.07
236,2019-05-14,43.71,11.94,1.07
237,2019-05-15,43.64,11.92,1.07
238,2019-05-16,43.69,11.94,1.07
239,2019-05-17,44.78,12.24,1.04
240,2019-05-20,45.66,12.48,1.02
241,2019-05-21,45.64,12.47,1.02
242,2019-05-22,45.21,12.35,1.03
243,2019-05-23,44.43,12.14,1.05
244,2019-05-24,44.79,12.24,1.04
245,2019-05-27,44.43,12.24,1.04
0,2019-05-28,44.36,12.23,1.04
1,2019-05-29,44.28,12.2,1.04
2,2019-05-30,44.26,12.2,1.04
3,2019-05-31,44.19,12.14,1.05
4,2019-06-03,44.83,12.31,1.03
5,2019-06-04,44.71,12.28,1.04
6,2019-06-06,44.5,12.22,1.04
7,2019-06-07,44.37,12.19,1.04
8,2019-06-10,44.95,12.34,1.03
9,2019-06-11,44.87,12.32,1.03
10,2019-06-12,44.97,12.35,1.03
11,2019-06-13,44.94,12.34,1.03
12,2019-06-14,44.36,12.13,1.09
13,2019-06-17,43.97,12.02,1.1
14,2019-06-18,43.79,11.97,1.1
15,2019-06-19,43.8,11.97,1.1
16,2019-06-20,43.9,12.0,1.1
17,2019-06-21,43.56,11.91,1.11
18,2019-06-24,43.62,11.92,1.1
19,2019-06-25,43.75,11.96,1.1
20,2019-06-26,43.71,11.95,1.1
21,2019-06-27,43.66,11.93,1.1
22,2019-06-28,43.21,10.94,1.16
23,2019-07-01,43.29,10.96,1.16
24,2019-07-02,43.45,11.0,1.16
25,2019-07-03,43.6,11.04,1.15
26,2019-07-04,43.71,11.07,1.15
27,2019-07-05,43.84,11.1,1.15
28,2019-07-08,43.28,10.96,1.16
29,2019-07-09,42.88,10.86,1.17
30,2019-07-10,42.64,10.8,1.18
31,2019-07-11,42.84,10.85,1.17
32,2019-07-12,42.78,10.79,1.18
33,2019-07-15,42.53,10.72,1.18
34,2019-07-16,42.95,10.83,1.17
35,2019-07-17,43.31,10.92,1.16
36,2019-07-18,43.22,10.9,1.16
37,2019-07-19,42.5,10.7,1.18
38,2019-07-22,42.04,10.59,1.2
39,2019-07-23,42.24,10.69,1.19
40,2019-07-24,42.25,10.69,1.19
41,2019-07-25,42.23,10.69,1.19
42,2019-07-26,42.46,10.75,1.18
43,2019-07-29,42.22,10.68,1.19
44,2019-07-30,42.06,10.64,1.19
45,2019-07-31,42.35,10.54,1.24
46,2019-08-01,42.26,10.49,1.25
47,2019-08-02,42.12,10.49,1.25
48,2019-08-05,41.9,10.44,1.26
49,2019-08-06,42.0,10.46,1.25
50,2019-08-07,41.96,10.45,1.25
51,2019-08-08,42.42,10.57,1.24
52,2019-08-09,42.67,10.63,1.23
53,2019-08-13,41.82,10.42,1.26
54,2019-08-14,42.02,10.46,1.25
55,2019-08-16,42.09,10.48,1.25
56,2019-08-19,42.01,10.46,1.25
57,2019-08-20,41.77,10.4,1.26
58,2019-08-21,41.37,10.3,1.27
59,2019-08-22,41.35,10.3,1.27
60,2019-08-23,41.15,10.25,1.28
61,2019-08-26,41.8,10.41,1.26
62,2019-08-27,42.12,10.49,1.25
63,2019-08-28,41.96,10.45,1.25
64,2019-08-29,41.87,10.43,1.26
65,2019-08-30,42.6,10.52,1.34
66,2019-09-03,41.89,10.35,1.36
67,2019-09-04,41.83,10.33,1.36
68,2019-09-05,41.81,10.33,1.36
69,2019-09-06,41.72,10.31,1.37
70,2019-09-09,41.94,10.38,1.36
71,2019-09-11,41.81,10.35,1.36
72,2019-09-12,41.55,10.28,1.37
73,2019-09-13,41.57,10.29,1.37
74,2019-09-16,41.8,10.34,1.36
75,2019-09-17,41.69,10.32,1.36
76,2019-09-18,41.8,10.34,1.36
77,2019-09-19,41.55,10.28,1.37
78,2019-09-20,43.38,10.73,1.31
79,2019-09-23,45.25,11.19,1.26
80,2019-09-24,45.53,11.26,1.25
81,2019-09-25,42.02,11.12,1.27
82,2019-09-26,42.15,11.16,1.26
83,2019-09-27,41.02,10.76,1.3
84,2019-09-30,41.16,10.77,1.3
85,2019-10-01,40.72,10.65,1.31
86,2019-10-03,40.71,10.65,1.31
87,2019-10-04,40.09,10.49,1.33
88,2019-10-07,39.95,10.45,1.34
89,2019-10-09,40.02,10.47,1.33
90,2019-10-10,39.85,10.43,1.34
91,2019-10-11,40.21,10.52,1.33
92,2019-10-14,40.44,10.58,1.32
93,2019-10-15,40.89,10.7,1.3
94,2019-10-16,40.85,10.69,1.31
95,2019-10-17,41.42,10.84,1.29
96,2019-10-18,41.64,10.89,1.28
97,2019-10-22,41.57,10.95,1.27
98,2019-10-23,41.89,11.03,1.27
99,2019-10-24,41.69,10.98,1.27
100,2019-10-25,41.61,10.96,1.27
101,2019-10-27,41.76,11.0,1.27
102,2019-10-29,41.95,11.05,1.26
103,2019-10-30,42.38,11.16,1.25
104,2019-10-31,42.44,11.18,1.25
105,2019-11-01,40.72,11.22,1.24
106,2019-11-04,40.48,11.15,1.25
107,2019-11-05,40.59,11.19,1.25
108,2019-11-06,40.63,11.2,1.25
109,2019-11-07,40.81,11.25,1.24
110,2019-11-08,40.07,11.05,1.26
111,2019-11-11,39.89,11.0,1.27
112,2019-11-13,39.46,10.92,1.28
113,2019-11-14,39.29,10.87,1.28
114,2019-11-15,39.1,10.82,1.29
115,2019-11-18,38.94,10.78,1.29
116,2019-11-19,38.7,10.7,1.31
117,2019-11-20,38.85,10.75,1.31
118,2019-11-21,38.33,10.68,1.32
119,2019-11-22,38.23,10.65,1.32
120,2019-11-25,38.57,10.74,1.31
121,2019-11-26,38.53,10.73,1.31
122,2019-11-27,38.74,10.79,1.3
123,2019-11-28,38.79,10.81,1.3
124,2019-11-29,38.43,10.71,1.31
125,2019-12-02,38.33,10.68,1.32
126,2019-12-03,38.06,10.6,1.32
127,2019-12-04,38.1,10.61,1.32
128,2019-12-05,38.21,10.64,1.32
129,2019-12-06,37.89,10.55,1.33
130,2019-12-09,37.69,10.5,1.34
131,2019-12-10,37.3,10.39,1.35
132,2019-12-11,37.35,10.4,1.35
133,2019-12-12,37.51,10.45,1.34
134,2019-12-13,37.75,10.52,1.34
135,2019-12-16,37.28,10.38,1.35
136,2019-12-17,37.45,10.43,1.35
137,2019-12-18,37.59,10.47,1.34
138,2019-12-19,37.7,10.5,1.34
139,2019-12-20,37.67,10.49,1.34
140,2019-12-23,37.5,10.44,1.34
141,2019-12-24,37.47,10.44,1.35
142,2019-12-26,37.3,10.39,1.35
143,2019-12-27,37.97,10.62,1.33
144,2019-12-30,38.07,10.65,1.33
145,2019-12-31,37.94,10.61,1.33
146,2020-01-01,38.08,10.65,1.33
147,2020-01-02,38.12,10.66,1.33
148,2020-01-03,37.93,10.61,1.33
149,2020-01-06,37.54,10.5,1.35
150,2020-01-07,37.61,10.52,1.34
151,2020-01-08,37.65,10.53,1.34
152,2020-01-09,37.94,10.61,1.33
153,2020-01-10,38.26,10.7,1.32
154,2020-01-13,38.69,10.82,1.31
155,2020-01-14,39.23,10.97,1.29
156,2020-01-15,39.35,11.0,1.29
157,2020-01-16,39.47,11.04,1.28
158,2020-01-17,39.52,11.05,1.28
159,2020-01-20,39.59,11.07,1.28
160,2020-01-21,39.23,10.97,1.29
161,2020-01-22,39.24,10.98,1.29
162,2020-01-23,39.33,11.0,1.29
163,2020-01-24,39.65,11.09,1.28
164,2020-01-27,39.24,10.97,1.29
165,2020-01-28,39.01,10.93,1.29
166,2020-01-29,39.51,11.07,1.28
167,2020-01-30,38.85,10.9,1.3
168,2020-01-31,38.64,10.84,1.3
169,2020-02-01,37.92,10.64,1.33
170,2020-02-03,38.19,10.72,1.32
171,2020-02-04,37.07,10.83,1.31
172,2020-02-05,37.29,10.9,1.3
173,2020-02-06,37.05,10.83,1.31
174,2020-02-07,37.15,10.85,1.3
175,2020-02-10,36.72,10.75,1.32
176,2020-02-11,36.59,10.71,1.32
177,2020-02-12,37.27,10.92,1.3
178,2020-02-13,37.33,10.93,1.29
179,2020-02-14,36.78,10.8,1.31
180,2020-02-17,36.58,10.74,1.32
181,2020-02-18,36.43,10.7,1.32
182,2020-02-19,37.0,10.86,1.3
183,2020-02-20,36.77,10.79,1.31
184,2020-02-24,36.18,10.62,1.33
185,2020-02-25,36.21,10.63,1.33
186,2020-02-26,35.96,10.56,1.34
187,2020-02-27,35.98,10.56,1.34
188,2020-02-28,35.17,10.33,1.37
189,2020-03-02,34.97,10.26,1.38
190,2020-03-03,35.29,10.36,1.37
191,2020-03-04,35.07,10.29,1.37
192,2020-03-05,35.44,10.4,1.36
193,2020-03-06,34.73,10.19,1.39
194,2020-03-09,33.67,9.88,1.43
195,2020-03-11,33.7,9.89,1.43
196,2020-03-12,31.3,9.19,1.54
197,2020-03-13,31.45,9.23,1.53
198,2020-03-16,29.65,8.7,1.63
199,2020-03-17,29.92,8.78,1.61
200,2020-03-18,29.03,8.52,1.66
201,2020-03-19,27.92,8.14,1.72
202,2020-03-20,30.2,8.81,1.59
203,2020-03-23,27.0,7.87,1.77
204,2020-03-24,27.88,8.13,1.72
205,2020-03-25,28.5,8.31,1.68
206,2020-03-26,29.91,8.72,1.6
207,2020-03-27,29.98,8.74,1.6
208,2020-03-30,30.09,8.77,1.59
209,2020-03-31,31.82,9.28,1.51
210,2020-04-01,30.7,8.95,1.56
211,2020-04-03,30.91,9.01,1.55
212,2020-04-07,33.48,9.76,1.43
213,2020-04-08,33.59,9.79,1.43
214,2020-04-09,33.72,9.83,1.42
215,2020-04-13,33.21,9.68,1.44
216,2020-04-15,34.58,10.08,1.38
217,2020-04-16,34.37,10.02,1.39
218,2020-04-17,34.01,9.92,1.41
219,2020-04-20,33.31,9.71,1.44
220,2020-04-21,33.17,9.67,1.44
221,2020-04-22,33.99,9.91,1.41
222,2020-04-23,33.53,9.78,1.43
223,2020-04-24,33.35,9.72,1.44
224,2020-04-27,33.84,9.87,1.42
225,2020-04-28,33.52,9.77,1.43
226,2020-04-29,33.39,9.73,1.43
227,2020-04-30,33.39,9.74,1.43
228,2020-05-04,32.16,9.37,1.49
229,2020-05-05,31.79,9.22,1.52
230,2020-05-06,31.19,9.04,1.54
231,2020-05-07,30.75,8.92,1.57
232,2020-05-08,31.34,9.09,1.54
233,2020-05-11,31.23,9.06,1.54
234,2020-05-12,31.46,9.12,1.53
235,2020-05-13,31.29,9.08,1.54
236,2020-05-14,32.02,9.15,1.53
237,2020-05-15,32.02,9.16,1.53
238,2020-05-18,31.71,9.07,1.54
239,2020-05-19,31.95,9.13,1.53
240,2020-05-20,32.42,9.27,1.51
241,2020-05-21,33.19,9.47,1.47
242,2020-05-22,33.07,9.44,1.48
243,2020-05-26,33.33,9.55,1.46
